participant,word list,Faster-Whisper-Large-v2_VAD
4010103,kaart1A, ijsboomdunrekriet saltspaalkuil netspuurbaklijn minjeukmou boorraamden baasmen boomzeep duifraar
4010103,kaart2A, klaar wens griep stom stomp langs draf klont darm snie krijt graag schraal sluit voort triest kran mast grint sleur troep blij mast glad en
4010103,kaart3A, opa rekening stralen fruitzee ochtend aanzienlijk lichaam stil complex lawaai zerst stiefzus kijkzuif opzettelijk
4010111,kaart1A, ijsboom dunderdek rietzoutbal lelmet puberbak leinwind jeuk wauw borf veenkoe bokraam tentbak baaskoe domdek merelboot zeekeer zoonpindel gaasman oomzeebeduif lijndoos luik rang haak lug eer kuurgas peul ruik zuurtuig kip elf zol riembot pan leeg rijphal wijsboog vee rauw hektaal heesdak saus jauw huis rot oen tas duik naam ton dooftaak vit
4010111,kaart2A, knaarwens grieps stomp langs draf klontdarm sleustrook krijtgraag strikwiel schraal snuit voort tries krant inkt slak maast rind slurf droep lei pols mast glad ernst klontdarm brief sneeuw brul troostplus wis balk opdruk spond zwaai goudtaart sponsblik trotskluis krant korst wand plooi licht kerk proef ster kruid
4010111,kaart3A, opa regenis stralend fruitdeel morgenochtend aanzienlijk lichaamsdeel complex lawaairig uitrest stiefzus kijkcijfers minimaal tuinhek sterren en hemel briljant koker hengel vervolgens opzettelijk lietmachine ondanks wijsvinger natuurtalent axie racefiets
4010112,kaart1A, ijsboom dun rek riet zout paal kuil net puur bak lijn min jeuk maal boor veem koel wok raam den baas koel koel dom hek meel boter zeekier zoen pin doel gaas men oom zeep duiven raar piep rijn doos leuk ramp haak rug eer keur gaas paal peul rijk zuur terug kip uil zool riem boot pan weg rijp haal wijs hoog vee rauw
4010112,kaart2A, klaarwens riep stomp langs draa klomp draa darm sneeuw stroop krijs graag strikt film schrauw snuit voort vriest krans ink slak nast griep zwerf troep blij pols mast glad ernst voelt kunst stunt arm brief spreeuw bril troost plus mist balk dwijl rond kleinmerk stopdruk
4010112,kaart3A, opa rekening straalend fruit stil morgenochtend aanzienlijk licht deel complex lawaai heren uit rest trief zus kijk kijf minjauw tuinhek sterrenhemel koker hengel vervolgens opzettelijk niet magisch ontdanks wijsvrienden natuur tuur taart actief
4010115,kaart1A, ijsboom dun rep rek riet zout paal kruid met puur bak lijn min jeuk mouw bor veen koel wolk raam den baas koel koel tom nek meel bot zee keer zoet pim dol graas men zeep duif raar piep rijn doos luik ram rug
4010115,kaart2A, klaarwensgriep storm langs daf draf klont darm sneeuw stroop krijg graag schrik film schaar schraal snuit woord triest krans inkt slak naastgrind slurf droep bij plots hans mats glad ernst vlot
4010115,kaart3A, opa rekenen stralend fruit deelt morgenochtend aanziekelijk lichaamsdeel complex lawaairig uitstekend stiefjes keekswijzer minimaal tuinhek sterrenhengel prijtband koker hengel
4060102,kaart1A, ijsboom den rijk riet zout pluim klein net puur bak lijn bun jeuk mouw boer ven koel volk raam den baas koel donner meel bot zee krierson pindol gaas men mol raam piep rijn doos luik raam hek hurg
4060102,kaart2A, klaar wens schiep stomp langs draf klont dram sneeuw stroop kraag gedaag strikt vlimt scharel snijt voort triest kronst hinkt slak naast geen sleuf troep blij plons mast glad ernest vlonst stunt arm brief sprui bril trost plut mist blok de waal rond klein merk stop druk sproet haas speels de wijn moes mond zwijgen spons blik trots kluis mis pop wacht punt zwak broek frons bloem gerond
4060102,kaart3A, open rekening stra straliend vrij steelt morgenochtend aanzienlijk lichaam deel complex waar wie riegen uit de zus strief zus kijk schrijvers mien koeken hen natuurlijk
4060105,kaart1A, ice boat dun wreck reed salt salt pure buck lime mint yoke mall boar fane cool hawk ram den bass cool dom neck mill boat safe here soon ping dool gas men ohm zee dove raar bee rhyme doos luik ram haak rug eer keur gas pult reik zuurt trug kip elk zul riem bot pan leeg reik hal wijs boog vee rauw heek taal hees dak zaus jauw heus rot oom tas duit laam doof dum dak fit
4060105,kaart2A, klaar wens grieps tomp langs draf klomp dang sneu stroop krijt graag strik film schraal snuit voort triest krans inkt slak naast grieps sleuf troep lijp bos mast grat ernst vlot stunt arm brief spril hul troost plus minst mist balk twaal rond kluip merk stop druk sproet haast spil dwerg zacht smoes bom tezwijg grijns koors flauwt zaart spons blik trot trots kluis minst bom vacht
4060105,kaart3A, opa rekening stralend fruit teelt morgenochtend aanzienlijk lichaamsweer complex lawaaierig uiterst stiefjes kijkcijfers minimaal tuinhek terrenhengel briljant koker hennel vervolgens opzettelijk machine ondanks wijsvinder natuurtalent aanzienlijk razendviert minimaal mineraal soepel botsen beroemd kniaal
4060106,kaart1A, ice tree thinner carrot salt stick cow net pure box line man yoke mouse boar boar vein cow fox ram den bass cool dome neck male boat sea keir keir keir zoom pen dol gas owl soap pigeon rat peep rhino box le leuch ram hook back ear cure gas pa pearl rich sour back chicken owl sun rhino boat pan army rhino owl wise bow wwwflydreamerscom
4060106,kaart2A, klaar went schriep stomp stomp langs daaraf klompt darm snee snee snui stroop kwijt graag schreep film straalt voort driest krans int slapt naast greet troep blij volst maast glad ernst vlot stomp spreeuw mist balk dweil rond klee merk stop druk sproed haast
4060106,kaart3A, opa rekenen stralend vrui lichaamsdeel complex stiefzus kijkcijfers minimaal tuinheks sterrenhengel briljant koker hengel vervolgens opzetten lijk liedmachine ondanks wijsvinger natuur natuur natuurtalent die attentie
4200202,kaart1A, ice bone tun rek reet salt paal kuil net puur bak lijn min jeuk mauw boer veen koel wok raam ten baas koel ton nek meel bot zee keer zoen pint doel koel gaas men oom zep zeep duif raag piep rijn doos lij lijk raam haar haak rug eer keur gas peul puur rijk zuur terug kip uil zoen riem bot pan leeg rijn haar alf wijs
4200202,kaart2A, la wens riet stomp la langs draf plont darm sneu stok stroop wij krijp raag trik film schraal smuit vorst kraans inkt slak naast vriend sleur truif truf trub blijp bols maast glaat ernst blot stunt arm vree brief spreeuw brul
4200202,kaart3A, rekening stralend fruitdeel morgenochtend aanzienlijk lichaamsdeel complex lawaaierig uiterst stiefjes kijkcijfers minimaal tuinhek sterrenhemel bril koker hengel vervolgens opzettelijk ontzettelen opzettelen niet machine ontdanks wijsvingen natuur
4200216,kaart1A, ijspoten rekadiet zoutpalken met puur baklijn mint jeugd melk por veen koel fok raam ten paas koel ton nek meel poot zee kier zoen pintel gaas men boom zee duif raar piep rijm doos luik ram haap rug eer keer gas bel rijk zuur teug kip uil zond riem poot pan leeg rijp hal wijs boog vee rauw hik taal hees tak zout heuw teun stot oen tas duif raam ton
4200216,kaart2A, klaar wens griep stomp langs straf klont darm sleus troop krijt graag strik strikt film schraal schraal snuit borst triest krans inkt slak naast gewind slurf troep blij bos mast glad ernst trots trot arm brief spreeuw bril trots plus mis ook dweil klont klein merk stop druk sproed haast speels dwerg zacht snoes punt zwij grijns korts flauw taart punt splik trots kluis minst pomp vacht punt zwak broek bloei graag korts wand bloei licht kerst krans grof
4200216,kaart3A, beginnbaar rekening stralend ruiktot morgenochtend aanzienlijk lichaamsdeel complex waaierig uiter stiefzus kijkcijfer minimaal tuinhemel sterrenhemel briljant koker hengel vervolgens opzettelijk niet magen niet leren ondanks wijfvinger natuurtalent ententie regenvlieg miniraals soepel botsing
4210102,kaart1A, icebomb dinerik rietz zankpal kaal net puur bak lijn min jeuk moudel boor veen koel wok raam den baas koel ton nek meel boot zeed keer zo zoon pindol gaas men om zeep duip raak piep rijn doos luik ram aak rukh eer keer gas pul rijk zuur teug kip elf zoel rien bot pan leeg rijp alwijs borg veen raal eer hiktal hees bak sausje jauw neu hees rot oen tas duik laan
4210102,kaart2A, klaar wens griep stomp langs draf rond darm snuiw stroop krijt vraag graag strikt film schraal snuit voort triest krans inkt slak naast grint slurf troep blij borst mast grat ernst vlot stunt arm brief spreeuw brul troost beplust mist balk dwaal rond klein merk stop druk sproed haast spult dwerg zacht smoes bond zwaai grijns korst flauw taart spons blik trots kluis minst pomp vacht punt zwak broek frons bloei
4210102,kaart3A, opa rekening stralend vooruit teelt morgenochtend aanzienlijk lichaamsdeelcomplex lawaairig uiterst stiefzus kijkcijfers mini maal tuinhek sterrenhemel briljant kolker hengel vervolgers opzettelijk niet machine ondanks wijsvinger natuurtalent attentie razendfiets mineraal soepel botsing beroemd geniaal export honderd populair
4210103,kaart1A, ijsboom dun rek krijg zout paal platine net puur baklijn mijn leuk mevrouw veen koel volk dam den bas koel dom rek meel boot zee kier zoen pindoka gaas men oemen om zee druif raas piep rijn doos rijt
4210103,kaart2A, klaarpens pip tom langstaf klont dam nu stop zegt ga string filmschal streun horst stitsch klont int slang naast grint straf roep bij plont must gas ernst flot stunt vorm brief spreeuw de start plus mist spaar teil rund klein
4210103,kaart3A, opa rijk strand fruitstel monument magazine langsdeel compliment langs uits kijkschelder minimaal tuinhek tuinhek steen helemaal primant krokod hengel forst op negien werf natuurlijk zesti stulpen stoel bisschons
4210105,kaart1A, ijsboom bun rek riet zout paal kuil net vuur pak bak lijn min jeuk mouw boor veen koe dom nek meel rijn doos neuk raam haak rug eer
4210105,kaart2A, knaar wens griep stom langs eraf klont darm sneuw stroop krijt graag strikt veel schaal snuit voort triest kranst inkt slak naast grint slurf troep blij pols mast glad ernst vlot steun arm brief spreeuw rot trots plus mist balk dwel rond klein merk stop druk sproet haast spel speels dwerg zacht sloes bond zwaai grijns korst flauw taart spons blik trots keels
4210105,kaart3A, open rekening stralend fluisterend morgenochtend aanzijnlijk lichaam stil complex lawaaierig uiterst stiefzus kijkcijfers minimaal tuinhek sterrenhemel briljant koker hengel vervolgens opzettelijk niet machine ondanks wijsvinger natuurtalent attentie reflecties minimaal soeplepel botsing beroemd lineaal alfabetisch explore export honderd populair verkeerd rietje hartelijk besmaatschappij neushoornig
4210110,kaart1A, ijsboom dunrek riet zout paal kaal net purf bak lijn mien jeuk mouw porf veen koel woon wolk raam den baas koel ton nek meel boot zee kier zoen pint doel gang gas men op zeep tuif raar piep rijn doos luik raam haak reug eer keur gaas peul rijk zwart touw kip ouzo riem bot
4210110,kaart2A, klaar wens griep stom langs graag loont darm snu stro krijt graag strik veel schrouw snuit treist krans enk slaak nast grint sleur troep glijp pols mast glaant eerst vol snut aardrief spiro prul trots plusminus balk terwijl rond kraai merk stopdruk
4210110,kaart3A, open rekening stralen vrije tel morgens ochtend zij lijkt lichaam stil complex leverig uiterst stiefjes kijkcijfers minimaal tuinhek stekrekenen briljant koker hoekel vervolgens opzettelijk niemand schijnen omdoks
4250105,kaart1A, ijsboom dunrek riet zout paal kul net puur bak lijm min jeuk mouw bor veen koel wook raam den baas koel ton nek meel boot zeek kier zoen pint dol gaas men boom zeep duif raar piep rijn doos luik ram haak heer rug heer keur gas pul rijk zuur tuch kip el zoen riem bot pan leeg rijp hal wijs boog vee rauw hik taal vees dak saus joop jep heup heus rot
4250105,kaart2A, griep stomp langs draf klont darm sneeuw stroop krijt graag strikt film schraal snuit voort triest krans inkt slak naast grint slurf troep blij pols mast glad ernst vlot steun arm brief spriel brul troost plus mist balk dwel rond klei merk stopt speels dwerg zacht smoes bond zwaai grijns korst flauw taart spons blik trots
4250105,kaart3A, opa rekening talent fruithild morgenochtend aanzienlijk lichaamstil complex lawaairig uiterstiefse kijkcijfers minimaal tuinhek sterrenhemel briljant koker hemel vervolgens opzettelijk niet machine ondanks wijsvinger natuurtalent atletiek racefiets minigang soep spel buitenzien beroemd lineaal alfabetisch export honderd populair verkeerd dank u wel
4250117,kaart1A, ijsboomtunrekrietzoutpaalkuilnetpuurbakleimienjeugmaalborveenkuwokraamdenbaaskuultonnekmeelbootzekierzoenpindolgasmenomzeeduifraarpieprijndoosluidkraamhaakrugeerkuurgaspuul rijkzuurkrugkipuilzoolriembotpanlegleeggrijphalwijsboogveerouwiktaal eesheesdaksaushuisrotoentasduiknaadooftaakritsainootlieskatluinreusnerek
4250117,kaart2A, klaar wens schiep stons langs draf klont darm sneu stroop kruid graag strik film schaal smuit voort triest krans inkt slak naast gint slurf troep blij pols mast glad ernstig vlot stunt arm brief spreeuw rul strot plus meist bal balk twijl rond klei merk stop druk sproet haast speel zwerg zacht smoes pont zwaai grijns korst flauw taart spons blik trots kluis minst pomp wacht punt zwak broek frons bloei graat koos wand plooi licht kers krent
4250117,kaart3A, opa rekening stralend fruitwild mors morgenochtend aanzienlijk lichaamsdeel complex lawaaierig uitsterf stiefzus kijkcijfer minimaal tuinhek sterrenhemel briljant koker hengel vervogel opzettelijk nietsmachine ondanks wijsvingervinger natuurla atentie racefiets mineraal soeplepel postings beroemd lineaal afbeet export honderd populair verkeer rietje hartelijk busmaat hebbie neushoorn herheiling winkelwagen krist staafdingerham rijstveld autobus
4250204,kaart1A, ijs boom teun rek riet zout paal kaal net puur bak lijn min jui jeuk mauw mauw boor veer kieren zoen
4250204,kaart2A, klaar wen schriep stomp langs draf klont draam krijt graag strikt stringt film graal fort fort triest triest krans krans slak
4250204,kaart3A, opa reken ik straalend fruit teelt morgenochtend aanzienlijk liefstusje kijk cijfer minimaal vervolgens
4250205,kaart1A, ijspoten rekken zoutpaal kaal net puur bak lijn min jeuk mouw bor veen koel wok raam den baas koel dom nek meel boot zee kier zoen pin dol gaas men oom zeep duif raar piep rijn doost luik ram hakerug eerker gas puil rijkzuur tuig kip uil zul riem bot pan leeg rijp sjous jouw huis rot oen tas duik laan dol doof taak fit zijn nood lies kat luieruis neer gek raak wijs geel rook lol geit zes boer buit bees kei vuur hap dik vier kous vaas pup roes gaap bal zoon lauw doof
4250205,kaart2A, klaar wens griep stomp langs straf klont darm sneu stroop krijgt kraag strikt film schanaal snuit voort triest krans inkt slak naast gerind slurp troep blije pols mast glad ernst vlot stunt arm brief speel bril troos plus minst balk dwijl rond klei merk stop druk sploed haast speels dwerg zacht smoesje bond zwaai grijns korst flauw taart spons blik trots kluis minst pomp vacht punt zwak broek front bloei kracht kort wand plooi licht kerst krent proef ster kruid pracht twaalf sla wild kaft paard spreeuw winst blok stier sneeuw herfst paard draad
4250205,kaart3A, opa rekeningstralend fruitsteelt morgenochtend aanzienlijk lichaamsdeel complex lawaaierig uiterust stiefjes kijkcijfer minimaaltuinhek sterrenhemel briljant koker hengelvervolgens opzettelijk niet machine ondanks wijswinnaar natuurtalent racefiets mineraal soepel botsing beroemd lineaal alfabet export honderd populair verkeerd rietje hartelijk maatschappij neushoorn herhaling winkelwagen kritisch
4250211,kaart1A, ijsboon dun rek riet zout paal kuil net puur bak bak lijm min jeuk mouw boer veen koel wolk raam den baas koel dom nek meel boot zee keer zoen pindel gaas men oom zeep duif raar piep rijn doos luik ram haak rug eer kuur gras peul rijk zuur trut trug kip elzel riem bot pan leeg rijp hal wijs boog vee rauw hik taal hees dak saus jauw heus rot oen tas duik laan tol doof taak wit zijn nood lies kat lui reuzen neer gek raak bijt geel rook lol geit zespoor buis beest kijf vuur hout
4250211,kaart2A, wens griep stomp langs draf klomp darm sneeuw stroop krijt graag strik film schaal snuit voort triest krant inkt slak naast grint sleur troep blei pols mat grats ernst vlot tun arm brief spreeuw bril troost plus mist balk dwel rond klep klein merk stop druk sproed haast speels dwerg zacht smoes bond zwaai grijns korts vlauw taart spons blik trots kluit minst pomp wachtpunt zwak broek frons ploei gracht korts wand ploei licht kerst krent proef ster kruid pracht twaalf sla wild kraf paard speer winst blok stierk
4250211,kaart3A, opa rekening stralend fruitteelt morgensnochtend aanzienlijk lichaam stil complex lawaaiig uiterst stiefzus kijkcijfers minimaal tuin hek sterrenhemel briljant koker hengel vervolgens opzettelijk niet machine ondanks wijsvinger natuurlijk talent attentie racefiets mineraal soepel botsing beroemd lineaal alfabetisch export honderd populair verkeerd grietje hartelijk bus maatschappij neushoorn herhaling winkelwagen quiz schaart diagram reisveld autorit prima stedelijk
4260104,kaart1A, ijs boom dun drek riet zout paal kuil net puur bak lijn min jeuk mouw bor veen koe wok raam den baas koe dom neck mil boot zeef kier zoen pindol gaas men oom zeef duif raar piep rijn doos luik ram haak rug eer keur grat gas peur pool rijk zuur zur teuf kip uil zool riem bot pan leeg krijp hal wijs boog wee rauw hik hees dak saus jouw heus rot oen tas
4260104,kaart2A, klaar wensen riep stomp langs dat draf klont dram sneeuw stroop krijt graag snikt strikt film schrauw snuit fort tries krans inkt slak naas grit slurf troep blij plons mast klat ernst vlot stunt arm brief spreeuw brul troost plus mist balk dwel rond klei merk stop druw druk sproet dwerg zacht smoes bond zwaai grijs
4260104,kaart3A, opa rekening stralend fruit fruitteelt morgenochtend aanzienlijk lichaamsdeel complex lawaairig uit de terst stiefzus kijkcijfer minimaal tuinhek sterrenhemel briljant kokker hengel vervolgend opzettelijk niet machine ondanks wijsvinger natuurtalent actie racefiets miniraal soepel botsing beroemd lineaal alfabetisch export honderden populairden verkeerd rietje hartelijk busmaatschappij
4260106,kaart1A, ijsboom dun rek riet zout paal kuil net puur bak lijn min jeuk maal bor veen koe volk graan den baas koe dom nek meel boot zee keer zoen pindel gaas men oom zeep duif raar piep brein doos lijk raam haak rug eer keur gaas pijl rijk zuur teug kip erzol riem boot pan leeg rijp haal wijs boog veen rauw hik taal hees dak saus jauw haus rot oen tas put tol doof taak vit zijn nood lies kat luik neer gek raar bijt geel rood
4260106,kaart2A, klaar wens griep stomp langs straf klont darm neus troop krijt gracht strikt film schaal snuit voort ries kans in slak naast ginsleur troep blij pols mast glad ergst vlot stunt arm brief spreeuw bebreul troost plus mist ballen twijl rond klei merk stop druk sproed haas pijls twerg zacht smoes don zwaai grijs borst worst flauw taart spons blik trots kluis pins pomp wachtpunt zwak broek broekfonds bloei graagd korst wan want
4260106,kaart3A, opa rekenen stralen het fruit heelt morgenochtend aanzienlijk lichaam stil complex lawaaierig uitsterfstiefse kijkcijfers minimaal tuinhek sterrenhemel briljant koker hengel vervolgens opzettelijk niet machine ondanks wijsvingen natuurtuin authentisch rijken fiets racefiets generaal soepel botsing beroemd lineaal afstaanbied export honderd populair verkeerd rietje hartelijk busbaarschapperij na neushoorn verhaling winkelwagen kritisch strafdiagram rijstveld oerrit primaal stedelijk duwen helling aardgas
4260107,kaart1A, ijsboomdunrekfietsuitpaalkuilnetpuurbaklijnminjeukmaalborveenkoolwokraamdenbaaskooldonnekmilbootzekeerzonzoenpindolgaasmenoomzeepduivraarpieprijndozelijk leuk ramhaak rug eer kuur kuurgas peel peel rijk zuur trug kip hal wijs hoog vee rauw vees dak saus jauw heus rot oen tas
4260107,kaart2A, klaarwens griep stomp langs straf
4260107,kaart3A, opa rekening talent fruitteelt moorgerster stiefzus opzettelijk niet machine vingersvinger natuur
4260113,kaart1A, ijsboon deun rek niet wiet zout paal krul net puur bak lijn min jeuk muil bor veen veen koel wolk raam den baas koel dom nek meel brood zee keer zoen pin dol gaas men oom zeep duif raar piep rij doos luik ram haak rug eer puur gas pleur peul rij riem boot pan leeg rijf hal wijs boog hee rouw tel
4260113,kaart2A, klaar wens griep stom langd draf klom drang sneu stroop kruid graag strik veon schaal snuit vervorst triest krans inkt slak naast grint slurf te roep plei plots mast glad
4260113,kaart3A, opa reken reken stralend fluitdeel morgenochtend aanzienlijk lichaamsdeel complex lawaai reiterst zief stiefzus kijkcijfers minima vervolgens opzetten wijsvinger naturale achttien
4260114,kaart1A, ijs boom blum lek riet zout paal karrel net puur bal lijn meen jeuk maal koel rook zaan bes baas koel dom nek mijl zoen been dool rug eer kuur gas paal
4260114,kaart2A, klaar wens griep stomp langs drap afklont daarn sneeuw stroop krijt graag strikt film schraal snuit voort striet klans inkt slang gerind sluur verloot stunt aard berief spreeuw glij merk stop draai sploed
4260114,kaart3A, verpaal rekenings verhaallijn verduidsel moor plasfiets minnaar
4260115,kaart1A, ijsboom dun rek riet zout paal kruil net puur bak lijn min jeuk maal bor veen koe wolk raam den baas koe don nek mil boot zee kier zoen pindol gaas men oom zeep duif haar piep grijn doos luik raam haak rug eer keur gas peul rijk zuur terug kip uils zoel riem bot pan leeg rijp hal wijst boog vee rauw heek touw hees dak saus jouw huis rood
4260115,kaart2A, klaar wens riep stomp langs draf klonk daan sneus strook krijt kraag strik film schaal snuit vorm kries kras ink slak naast grint slurf troep blaai bos mast glas erst flot stunt arm brief schreeuw brul troost plus mist bak dwijl rond klei merk stop druk sproed haast speels dwerg zacht smoes bond zwaai grijns korst flauw taart spons blik trots kluis minst pomp zacht pont zwak broek vonst bloei gegracht koot wand plooi licht ergst krent
4260115,kaart3A, opa rekening talent fruitdeelt morgenochtend aanzienlijk lichaamsdeel complex lawerig uitderst stiefjes kijkserfers miniamaal tuinheks sterrenhemel briljant kokerhemel vervolgers opzettelijk nietmachinen ondanks wijsvinger natuurtalent actie racefiets miniaal soepel botsing beroemd indiaal afbex export honderd honderd populaar verkeerde rietje hardelijk busmaatschappij neusgewoonherhaling
4410104,kaart1A, ice bone dune wreck reed salt pale coal net pure buck line min yoke mow borch boar vein cool wok ram den bass cool dom neck male boat say keer soon pin do gas man ohm zeep dove raar peep rein doos luik ram haak rug eer keur gas pul reik zuur tru tur zoel zoel rim bot bot pan neef reip haal wijs borch vee heek taal hees staus jauw heus rot
4410104,kaart2A, vlaar wens schiep stomp langs draf klont dan snui lus mist balk twijl rond klein merk stomp druk sproets haast speels dwerg zacht moes smoes zwaai grijns korst flauw traa
4410104,kaart3A, opa rekening stralend fruit deelt morgenochtend aanzienlijk lichaamsdeel complex lawaaierig uiter maschine huisvinger natuur
4410107,kaart1A, ijsboom doen rijksgids zou bakken het vuurbak lijn mijn jeugd mouwboer vinkoe rokraam den baas koeldom mekmel mel bootseker zoen pindoren mijn oom zeep duifraar piep rijntoos lijk raam hakeren weerkerker gaspelrij zuurteg kip uil zol ruim boot bad pan licht rijp haal wijs boog wil wou hiktal hees dak saus jauw heus rot een
4410107,kaart2A, klarenwens schriep stonden langs de klont klont hoe snel is het droog krijt graagst strikt film schaal schaal snuit frots trits kraans inslag naast grinsle troep blaaie pols maast glad ernst vol mist balk duwen zacht smoes pont spons
4410107,kaart3A, opa rekening starten wassen mochten aan ziekenlijk lichaamsdeel complex leiden aap aap aap aap aap aap aap koker hemel ga maar verder bij tien probeert maar gewoon nee ik kan niet tellen uiterst daar het is een minimaalte opzet niet machine dankzij wijsvingers natuurlijk ook serieus meer dan normaal
4410207,kaart1A, ice bone dun wreck reed south pal car car kel net pure buck line min yeuk mau bor feen koo wok raan den ba baas kool dom nek mail boat zee keer zoon pin dool gaas men oom zeep duif raar piep rijs doos luik raam haak rus rug eer kuur gaas peul rijk zuur teug kip uil zool riem boot pan leeg rijm hal wijs boom
4410207,kaart2A, klaar wens riep stonk langs draf klonk draam sneeuw stroop krijgt graag strikt film schaar schraal snuit vocht trier riep krans inkt slang slak naakt naast grenk sluur troep blij polst mast glad eer slot stuunt stunt aan brief spreeuw
4410207,kaart3A, opa rekeningstralend vervaltijd mogenochtend aanzienlijk lichaamsdeel complex lawaaierig uitgerust stiefjes kijkcijfers minimaal tuinhek stering hemper breil jand koker hennel vervolgens opzet zerg lijk niep machine ontdengs wijfvinger natuurtalenten
4410222,kaart1A, ijsboom dun riet zout paal kou net puur pak lijn win jeuk mouw boor veen koe wok raam den baas koel dom nek meer boot zee kier zoen pindel gras men oom zeep duif raag piep wijn doos luik ram haak rug eer keur gras beul rijk zuur teur kip uil zool riem pot pan leeg grijp hal wijs boog vee rouw heet taal hees dak saus jouw neus schot oer net
4410222,kaart2A, klaar wens griep stom langs eraf klont duim sneeuw stroom kruid graag strik film schaal snuit voort triest krans inkt slak naast grend slurf troep blij pols mast glad ernst vlot stent am brief spreeuw brul troost plus minst balk twijl rond klei merk stop druk spoed haast spelers dwerg zacht smoes bond zwaai grijs korst flauw taart spond blik trots kluist
4410222,kaart3A, opa rikkie stralend fluitend morgenochtend aanzienlijk lichaam stil complex lawaaierig uitgerust stiefzus kijkcijfers minimaal tuinhek sterrenhemel briljant koker hengel vervolgens opzettelijk niet machine ondanks wijsvingen natuur natuurlent atinitie grijsfiets mineraal soepel botting beroemd geniaal alfabetisch export honderdig populair verkeerd ruudjehartelijk busmaatschappij
5010101,kaart1B, drie vier zee nek was meel dom zoen boot denk koel biet schaaf bal zoon pier lauw bes maag os mat rook bij bijt geel kei boor geit zes lol buit spees vier hapt kaus roet roes up vaas dik revier gaap boog wijs rauw taal hees val hee vee hik saus dak rug haak luik eul wijk gas eer doos ram kuur zee raak duif men doel uur oom gaas boek deim mauw raak ram geel koel
5010101,kaart2B, blok speer twaalf winst kalf paard sla stier pracht wild schroef gok melk staart zelf graan derk stuurt mals bleek held sneeuw braan sterk plats herfst prins veer snee bord kerk gracht ster koord plooi kruid licht krent wand proef schaats vreemd gram klunt drooi drip poets toets draai hulp knaps knap haats melk dweijel klei stopt dwerg sproed blond vloer stank glimt straf tint grast snoer beeld graai langs grip sneeuw darm stroop wenst klont stromp klaart
5010101,kaart3B, neushoorns liedje verkeerd alfabetisch export lineaal hartelijk bus maatschappentijd populair honderdcomplex stralend rekening morgenochtend lawaaierig uiterstuk fruit fruitteel aanzienlijk lichaamsteel opa kanaal beloning verdelende verzingende lijk verrasterd veranderd veranderen aardgascompleet vogelspin boxer temperatuur klimaat natuurtalent botsing nietmachine miniraal racefiets actrice soepel ondanks wijflingen beroemd kaasrecht proeven neerrijden scheetsabsoluut instappen instapkaart
5010110,kaart1B, kierzee nekkebaas meel dom zoen bo denk koel koel biet gaaf bal zoon pier blauw blauw bes maag os mat rook bijt geel keijer bor geit zes loop buit bees vier hap kaus roes pup vaas dik ree vuur gaap boog bijs rautal hees haal vee hik saus dak rug haak luik luik puil hoel rijk gas eer doos ran kuur zeep zeeperaar duif men dom
5010110,kaart2B, blok spier twaal winst kaft paard sla stier praag teweel schroef grof melkstaart zelfgraan kerk stuurs maals bleek hel sneeuw braam sterk plat hersen pins verf snee bord kerst gracht ster kort plooi kruid licht krent wand proef schaats vreemd gram klut troon strip toets draai gehu hulp knap haas melk teweel rond spils druk draai stop
5010110,kaart3B, neushoornrietje verkeerd alfabetisch export lineaal hart hartelijk bus maatschappij hiphop populair honderd complex stra stralend rekening mor ganochtend lawaaiig uit uiterst fruit teelt aanzienlijk lichaamsdeel opa kanaal beloning zinde zindelijk veranderend aardgascompleet volgenspin bokser
5010114,kaart1B, kier zee nek paas meel dom zoen boot den koel biet gaaf bal zoon pier lauw wes maag os mat rook bijt geel kei poor geit zes rol bijt beest vier hap kaus roep roes pup vaas dik ree vuur schaap boog wijs rouw touw hees hal vee hik sjaus dak rug haak luik pil rijk gas eer doos ram keur zee raar duif men
5010114,kaart2B, blok speer twaalf win winst kalf paard sla stier pracht wild schroef grof melk staart zelf kerk stuur mals bleek held sneeuw braam sterk herfst prins zerf borst
5010114,kaart3B, neushoorn rietje verkeerd alfabet alfabetisch export lineaal hartelijk busmaatschappij populair honden fruitdeelt aanzienlijk lichaamsteel opa kanaal beloning zindelijk veranderen aardgas compleet vogelspin bokser temperatuur klimaat natuurtalent botsing niet machine mineraal racefiets
5060102,kaart1B, keer zee nek paas meel don zoen boten koel biet gaaf bal zoen beer lauw bes maag oos mat rook bijt geel kei bor bor geit zes lol buit beest weer hap keus roes pup vaas dik ree buur gaaf boog wijs rauw taal hees haal haal wee hik saal ze tak rug haak leuk pil rijk gas er doel
5060102,kaart2B, blok speer twaalf winst kaft paard sla stier pracht wild schroef grof melk staart zelfs graan kerk stuur semaal spleek held sneeuw graan raam sterk plat herfst prins dwerf snee boord kers gedacht ster kort plooi kruid licht krent wond schroef schatst vriend gram kleut tronstrip toets draai hulp knap smerp dwaal rond speels druk klei stop dwerg sproed blond veer vleur
5060102,kaart3B, neushoorn rietje verkeerd alfabetisch export lineaal hartelijk busmaatschappij populair honderd complex stralend rekening morgenochtend lawaaierig uiterst fruiteld aanzienlijk lichaamsdeel opa kanaal beloning zindelijk verraderen het gas compleet vogelspin bokser temperatuur klimaat natuurtalent botsing niet machine
5060104,kaart1B, heres a neck bath meal dont you know its the end cool a beat have a ball zone beer loud betchmark ass mutt croak bite gill kite porr porr kite lizards little birds bees fear hop cows goose pup vase duck grave ur grab bog wise row towel haze halfway hickey sauce duck hue rug hake leuk pearl reik grassy air dose ram cure zebra calf man doe peep om grine grass pit rook line mal ham leuk man goo buck a bait have a ball hose rat um toss horse yodel tock tack duck tock
5060104,kaart2B, luxpertoire wieskopf paarsla stierpacht grashoofd schroefhoofd melkstaart zalmsegerijkerk sturzmans bleek houtsturm brabant sterkplat herfstpunt verversneeuwbord kers asgeracht sterrkorts blooie kruid lichtkrat hansen groverstraat sprengt geram kluts vertrouwensstrip toets draaien verhoop knap haastenmerk twijl rond spils druk kleistop dwergsproet bloedtevoer mondtevoer stank limp straf tint zit gehast snoer beeld graat langs griep steu darm strafwens kluntstomp klaardraf zwart
5060104,kaart3B, nu is het gewoon netjes verkeerd alfabetisch ik sport lineaal hartelijk met busmaatschappij populair honderd complex traagend gekening morgenochtend geweld lauweieren uiterst grootdeel aanzienlijk lichaamsdeel opa kanaal belonging zindelijk veranderen aardgas compleet vogels spinnenboksen klimaat natuurtalent potsing neefmachine middenhaal geen spiets attentie soepel geen wijsvinger baron kaartrecht proeven geestgids absoluut instapkaart verandering voetbal binnenwand aardbouw poepland ganingswerken prima ficties autogids helling staafdiagraaf duwen een weerswolk
5060106,kaart1B, kees zee nek baas meel donk zoen boot den koel biet gaaf bal zoon pier lauw bes maag os mat rook bijt geel kei poor geit zes lol buit beest vier hap kaus roes pup vaas dik ree vuur gaap boog wijs rauw dauw hees hal vee hek zaas dak rug haak luik pil rijk gas eer doos ram kuur zeep raar duif men dol piep oom rijn gaas pin wolk lijp maal raam jeuk min koel bak vee door heus laan oen tas rot jauw doof daak duik
5060106,kaart2B, blok speer twaalf winst kast spaart slaat stier pracht wil schroef grof melk staart zels graan kerk stoers mas bleek held snel braam sterk plat herfst prins verf snee bord kers gracht ster kort plooi kortst plooi kruid licht krent vond proef schaats vreemd gram kluts trood strip toets draai hulp knap haast merk dwaar horond spuls druk klei stop dwerg sproed blond vloer sank glimp straf tent gast snoer beeld graaf langs griep sneeuw darm stroop wens klont stomp klaar draf wart proos fruit sterk baas grof
5060106,kaart3B, nuis van rietje verkeerd alfabetische export lineaal hartelijk busmaatschappij populair honderd complex stralend rekening morgenochtend lawaaierig lawaaierig uiterst fruitteelt aanzienlijk lichaamsdeel opakanaal belonen licht zindelijk veranderen aardgas compleet volgospin boksertemperatuur klimaat natuurtalent bossing niet machine mini araal reeffiets attentie soepel ondanks wijvinger beroemd kaarsrecht proeven reisgids absoluut instapkaart tweeling voetbal
5060111,kaart1B, kier kier zee nijk baas meel don zoen bot ten koel wiet gaaf bal zoon pier luil bes maag kos mat rook bijt giel kaai poor geit zes lol buit pees vuur hap kous loer pup vaas dik ree vuur gaaf boog wijs rauw taal hees halve hik saus tak rug haak luik pul pul rijk gas gas eer doos ram puur zeep raar duik men dol piep ont en gaas pin wok lijn waal raam heuk min koel bak heen boor heus laan ont tas rot jouw doof taak duik duik tol kies boeg kies boeg lap vol zeer buien lek vies kaal beek en roof deun bier voet bar hol bouw euk hetereus kat laar geit nis
5060111,kaart2B, blok speer touw wind kast paard sla steer pracht wild schreef schroef grof melk staart zas gerand kerk stuurs mal bleek held sneeuw braam sterk plat hefst prins zwerf snee bord kers gracht ster korts plooi kruid licht krent wang proef schaats flink glam kluts troon strip toets draai hulp knap haast merk dweil rondspeels druk klui stop dwergsbloed blond vloer stank glimp straf tint gast snoer beeld graad langs schriep sneeuw darm stroop venst klont stomps klaar draf zwart proost vrouwt streng baas krab spoor nieuws blaar bocht krijts grauw triest graag strik krant inkt voort film snij troost brul sprul plus arm brief mist balk steunt vlot blaai mast grint slaktroep ernst pols naast glad scherf hart sluus plant kort plein strik groet schurk draai laatst vondst
5060111,kaart3B, deze liedje verkeert af en weet je ik sport lineaal hardtelen busmaatschappij populaire honderd complex straande rekening moog auton lawaai uitrustend verdrietig aanzindelijk lichaamsdeel opa kanaal doe maar iets rustiger zindelijk veranderen aardgas compleet vogelspin boksen temperatuur klimaat natuurtalent botsing niet magine mineraal racefiets attentie soepel onlangswijsvinger beroemd kaarsrecht proeven reisgids absoluut instapkaart tweeling voetbal binnenband aardappel plant reddingsmedewerker prima stedelijk bunkerwagen rijstveld herhaling kritisch activiteit autorit heling staafdiagram doen onderweerswolk neutraal stapkamer de rommel persikon voedingsstoffen klotpapier kruispunt bureau zojuist buurtbewoners duizendpoot clubhuis verdrag kwartiercentimeter ieder voorlopig kanshebber bestaan kompoel stoop zijdag muziekant werkplek schuldig parkeerterrein oorlog school vakantie buitenhobby mentaliteit glanswerk kennis botsing
5060115,kaart1B, uh heres a neck bottom middle down root zoom bow down cool beat gaff ball zone pier low best mag odd os os mother oak white hill guy poor guide sex lone bud base fear hop cows roos uh pup fast dick raven i dont know how to slide it
5060115,kaart2B, blok speer twaalf wind kaf paard slaat stier pracht wild schroef golf melk staart zel gra kerk trus turs maas bleek held zweel drak blad heer licht punt vijf sneeuw boord kerst kracht ster korst kloof kruid licht krent wand brus schaats vreemd ram kreus droom stip toets draai wilp knap haast melk dwaai rond speel druk klei stof twijg stoep blond vloer stang glip draf ten gast sneur bleed haart langs lucht groep sneeuw drang stroop wind schrond stomp klaar draf zwart proos vres tenk
5060115,kaart3B, dorsen rietje verkeerd alfabetisch export exportlinieën harttellen busmaatschappij busmaatschappij populair honderden koopplek starttellend rekening morgenochtend lawaai uit de rust fruit tilt aanzienlijk lichaamsdeel opa kanaal beloning ziendelijk veranderen aardgascompleet volgas boxer temperatuur klimaat natuurtalent zink niet magische mineraal trefast ziet reis spits antenne dieg soepel dans wijsvinger
5200104,kaart1B, kier zee nek baas meel don zoen boot den koel biet gaaf bal zoon pier lauw bes maag os mat rook bijt geel kei poor geit zes lol bijt pees vier hap kous roes pup vaas dik ree vuur gaap boog wijs rauw taal hees hal vee hik saus dak rug haak luik pul rijk gas eer doos ram keur zeep raar duif men dol pier oom rijn gaas pin wok lijn mouw raam jeuk min koe bak veen boor heus laan oen tas rot jauw doof taak
5200104,kaart2B, blok speer twaalf winst kalf paard sla stier pracht wild schroef grof melk staart zelfs graan kerk stuurt stuurs mals bleek held sneeuw braam sterk plat herfst prins verf snee bord kers gracht ster korst plooi kruid licht krent wand proef schaats vreemd gram kluts troon strip toets draai hulp knap haast merk dwijl rond speel druk klaai stop dwerg sproet blond vloer stank glimp straf tint gast snoer beeld graat langs
5200104,kaart3B, neus voor een rietje verkeerd export lineaal hartelijk busmaatschappij populair honderds complex stralend rekening morgenochtend lawaairig uitdurst fruit teelt aanzienlijk lichaam stil opa kanaal beloning ziendelijk veranderen aardig de gas compleet vogelspin bokser temperatuur klimaat natuurtalent botsing niet machine mineraal racefiets attentief soepel ondanks wijsvinger beroemd kraa kaars
5200105,kaart1B, keer zee nek baas neel dom zoen boot den koel biet gaaf bal zoon pier lauw bes maag os mat rook bijt geel kei vor geit zes lol buiten beest vier hap kaus roes pup vaas dik ree vuur gaap boog wijs grauw staal hees hal vee ik zels dak vrucht haak luik peul rijk
5200105,kaart2B, blok speer twaalf winst kaft paard slaap stier pracht wild schroef grof melk taart zelfs graan kerk stuur mals leek held sneeuw braam sterk blad herfst brin vers sneeuw snees bord kerst gracht ster korst plooi licht krent wand proef schaats vreemd gram plust
5200105,kaart3B, neushoorn riet verkeer alfabet export lineaal hartelijk busmaatschap populair honderd explele stralen rekening morgenochtend lawaaierig uitserster fruiteel aanzienlijk lichaamsdoel opa kanaal beloning zindelijk verandering aardgas compleet vogelspin bokser temperatuur klimaat natuurtalent botsing niet machine mineraal racefiets atletiek soepel onthanks pijsvinger beroep kaars stengel proeven
5200113,kaart1B, kier zee nek paas meel dom zoen boot den koel biet grap bal zoon pier lauw bes maag os mat rook bijt geel kei bor guit zes lol puit bees vier hap kaus oos pup baas dik ree vuur grap boog wijs rauw taal hees hal vee hik saus dak rug haak lauw luik rijk gas eer doos ram kuur zeep raar duif men dol rijn gas ping wok lijn mouw raam jeuk
5200113,kaart2B, blok speer twaalf wind kalf paard sla stier pracht wild schroef grof melk staart zelfs graan kerk stuurs mouse bleek held sneeuw braam sterk blad herfst prins verf snee bord kers gracht ster gord lu kruid licht krent wand schaats vreemd gam klus troon strip toets draai hulp knap haast merk dwijn rond speels druk klei stop dwerg sprooit vloer
5200113,kaart3B, neushoorn rietje verkeerd alfabetisch export lineaal hartelijk beursmaatschappij populair handig complex stralend rekening morgenochtend lawaairecht uit fruit deelt aanzienlijk lichaamsdeel opa kanaal beloning zin zinnenleuk tras compleet vol spin boekse temperatuur klimaat natuurtalent botsing niet machine mineraal soepel ontdanks wijsvinger perron kaarsrecht proeven reisgids absoluut instapkaart
5200118,kaart1B, kier zee nek baas meel don zoen boot den koel biet gaaf bal zoon pier lauw bes maag os mat rook pijt geel klei poor geit zes lol buit beest vier hap kaus roes pup vaas dik rijk vuur gaap boos wijs grouw taal hees hal vee hik saus dak rug haak luik peul rijk gas eer doos ram kuur zeem raar duif men dol piep oom ha ha ha ha ha ha
5200118,kaart2B, blok speer twaalf wind kast paard sla stier pracht wild schroef grof melk taart zels graan kerk stuurs mals bleek hilt snuw braan blad herst prins verf snee boord kers gracht ster koorts plooi kruid licht kerk warn wand schaats vreemd gram klutsch troon streep toets draai roep
5200118,kaart3B, neushoorn riesje verkeerd alfabetisch export lineaal hartelijk dus maatschappelijk populair honderd complex stralend rekening morgenochtend zwaarlig uiterst fruitelijk aanzienlijk lichaam stil opa kanaal beloning zindelijk veranderd aardgas compleet vogelspin bokser temperatuur klimaat natuurtalent bossing lietse machine lineeraal racefiets attentie soepel ondanks
5200201,kaart1B, kier zee nek vaas meel tom zoen boot den koel biet gaaf bal zoon bier lauw bes maag os mat rook bijt geel kei por geit zes lol buit pees vier hap kaus roep pup vaas dik ree vuur gaap boog wijs rouw tal hees hal vee hik saus dak rug haak luik pael rijk gas eer doos ram kuur zeep raar duif men doel piep oom rijn gaas pin bok lijn mouwen raam jeuk min
5200201,kaart2B, blok speer twaalf winst kaft paard sla stier pracht wild schroef grof melk staart zelfs graan kerk stuur smals bleek held sneeuw braan sterk plat herfst prins verf snee bord kerst kracht gracht ster kort plooi kruid licht krent wans proef schaats vreemd gram klutst troon strip toetst draai hulp knap haast merk dwel rond speels druk klei stop dwerg sproet blond vloer stank glimp straf tint gast snoer beeld geraas wangs griep
5200201,kaart3B, neushoorn rietje verkeerd alfabetisch export lineal hartelijk busmaatschappij populair honderd complex stralend rekening morgenochtend lawaaierig uiterst fruitteelt aanzienlijk lichaamsdeel opa kanaal beloning zindelijk veranderend aardgas compleet vogelspin bokser temperatuur klimaat natuurtalent botsing mietmachine mineraal racefiets attentie soepel ondanks wijsvinger beroemd kaarsrecht proeven reisgids absoluut instapkaart tweeling voetbal binnen pand
5200211,kaart1B, kier zeenep bas mildom zun bot den koel piet gaaf paul zon pier lau bes maag os maas mat rook buit giel kijk bor geit zes lul buit bees vier hals kaus roos pup vaas dik ree vuur gaap boog wijs rauw taal hees halk vee hek zaus tak rukh halk haak luik peel rijk gas eer doos ram kier zeep haar duif mem dol piep oom rijn gaaspin rook llein maag
5200211,kaart2B, blok speer twaalf winst kraft paard sla stier pracht wild schroef grof melk staart zelfs graan kerk stuurs maas bleek held sneeuw bruin sterf blad herfst prins verf sneeuw bord kers kracht sterf koorts kooi kruid kruid licht krent wand proef schaats vreemd gram kluts troon strip toets draai hulp knap haast merk dwel rond speel druk klaai stop zwerg sproet plant vloer stank glimp straaf tent gaas snoer beeld
5200211,kaart3B, nu zon rietje verkeerd alfabetisch export lineaal hartelijk bus maatschappij populair honderd complex stralend rekening morgenochtend lawaairecht uitnest fruitteelt aanzienlijk lichaamsteel opa kanaal beloning zindelijk veranderen aardgas compleet vogelspin bokser temperatuur klimaat natuurtalent botsing niet machine mineraal racefiets atentie soepel ondanks wijsvinger beroemd kaarsenaartproeven reisgids absoluut instapkaart tweeling voetbal binnenland aardappel plant
5200212,kaart1B, akeer zee nek baas meel dom zoen bot den koel biet gaaf bal zoen pier lauw bes maag os mat roep bijt geel kijk boor geit geit zes lol buit bees vier hap kous roes pup vaas dik ree vuur gaaf bot roeg wijs rouw touw hees houw vee hik zout dak rug haak luik uul rijk gas heer doos ram keur zeep raar duif mendel piep omer rien gaas pin wok lijn mauw ram juik min koel bak veen boor
5200212,kaart2B, blok speer twaalf winst kaft paard slaar stier pracht wild schroef grof melk staart sels graan kerk stuurs mals bleek held sneeuw bram sterk plat herfst prins verf steen poort kers kersgracht ster koorst looi kruid licht krent wand proef schaats vreemd graan kluts troon strip toets draai hulp knak haast merk dwel rond speels druk kei klei stoep dwerg sproed ploont vroeg
5200212,kaart3B, neushoorn rietje verkeerd alfabetisch export lineaal hartelijk busmaatschappij populair honderd complex stralend rekening morgenochtend lawaairig uitterst fruitdeelt aanzienlijk lichaamsdeel opa kanaal beloning zindelijk veranderen aardgas compleet vogelspin bokser temperatuur klimaat natuurtalent botsing niet machine mineraal racefiets atentie soeplepel ondanks wijsvinger beroemd kaarsrecht proef reisgids absoluut instapkaart tweeling voetbal
5200213,kaart1B, kier zee mek baas meel tom zoen poten dendel krab biet gaaf pauw zoon pier blauw bes maag os mat rook breid geel kijk bor geit zes lol buitenwees vier hap kous roes pup vaas dik vee vuur hap poog wees rouw taal wees halve hik zoos dak rug haak lui peul rijk gas eer doos ram kuur zee raar duif menk doof piep om rijn gaas pin pok lijn
5200213,kaart2B, blok speer twaalf winst kalf paard slaar stier pracht wild schroef grof melk taart zels graan kern stuurs mouse bleek held sneeuw braam sterk plat herfst prins verf snee wort kerst geracht ster korst plooi kruid licht gerend wand proef schaats vreemd gram kluts stroom strip toets draai hulp knap haast merk dwel rond speels druk klein stop dwerg sproet blond
5200213,kaart3B, musselritje verkeerd alfabetisch export lineaal hartelijk busmaatschappij populair honderd complex stralend rekening morgenochtend lawaairig terst fruit teelt aanzienlijk lichaamsdeel open kanaal verloning zinlijk veranderingen aardgas compleet vogelspin boxer temperatuur klimaat natuurtalent bos botsing niet machine
5200216,kaart1B, kier zee hek blaas loon bloem zoen boot den koel biet graaf bal zoon speer lauw west maag os mat rook rook bijs geel kei boor geit zes lol buit pees vier hap koud roes pup vaas dik ree vuur gaaf boog wijs rautal hees hal vee heek zausdak rug haag luik vuil rijk gas eer doos ram vuur zeep haar duis men bol piep ondertitels door de amaraorg gemeenschap
5200216,kaart2B, luk speer tal winst koop paard sla stier gracht wild schoof hoofd melk staart zilf graan kerk stuurs mas leeg held sneeuw raam sterk blad herfst kunst verf snee boord kerst gracht stuur koert plooi kruid licht kind land proef schaart vriend gram kunst troon trip toets draai hulp knap kaatst
5200216,kaart3B, nu voor een rietje verkeerd alfabetisch export neem je al hartelijk beuzemaat schat bij een populaire honderd complex stralend rekening morgenochtend lawaaiig en thurst voor een riet aanzienlijk lichaamsdeel opa kanaalbeloning zindelijk van de hemel aardgas compleet vogelspin boekse temperatuur klimaat tuurtalent boekse niet machine inhaal reisfiets ont
5200222,kaart1B, kier zee nek baas meel dom zoen boot den kool biet gaaf bal zoon pier lauw bes maag os mat rook bijt geel kei por por geit ses lol buit spees vier hap kous roes pup vaas dik ree vuur gaap boog wijs rauw taal hees bal hal vee hik saus dak rug haak luik peul rijk gas eer doos ram kuur zeep raar duif men dol piep oom rijn gaas pin wok lijn mouw raam jeuk min koel bak koeien
5200222,kaart2B, blok speer twaalf winst kaft paard sla stier pracht wild schroef grof melk staart zelfs graan kerk stuurs mals bleek held sneeuw braam sterk plat herfst prins verf snee bord kers gracht ster korts plooi kruid licht krent wand proef schaats vreemd gram kluts troon strip toets draai hulp knap haast merk dwijl rond speels
5200222,kaart3B, neushoorn rietje verkeerd alfabetisch export lineaal hartelijk busmaatschappij populair honderd complex stralend rekening morgenochtend lawaairig uiterst fruit fruitteelt aanzienlijk lichaamsdeel opa kanaal beloning ziendelijk veranderen aardgas compleet vogelspin bokser temperatuur klimaat natuurtalent botsing niet machine mineraal
5210102,kaart1B, kier zee nek baas meel dom zoen boot denk koel biet gaaf bal zoon pier lauw bes maag os mat rook buit geel kei poor geit zes lol buit pees vier hap kous roes pup vaas dik ree vuur gaap boog wijs rouw tal hees hal vee hink saus dak rug haak luik peul rijk gas eer doos ram kuur zeep raar duif men dol piep oom rijn gaas spin rook lijn mouw raam jeugd mint koek
5210102,kaart2B, blok speer twaalf winst kaft paard sla stier pracht wild schroef grof melk staart zelfs graan kerk stuurs mals bleek held sneeuw braan sterk blad herfst prins verf sneeuw boord kers gracht ster koord plooi kruid licht krent land proef schaats vreemd gram kluts troon strip toets draai hulp knap haast merk dwel rond speels druk klei stop dwerg sproed blond vloer stamp glimp straf
5210102,kaart3B, neushoornrietje verkeer alfabetisch export lineaal hartelijk busmaatschappij populair honderd complex stralend rekening morgenochtend lawaairig uiterst frauteerd aanzienlijk lichaamsdeel opa kanaal beloning zindelijk veranderen aardgas compleet vogelspin boksen temperatuur klimaat natuurtalent botsing liedmachine mineraal racefiets attentie soepel ondanks wees vinger beroemd kaasrecht proeven
5210104,kaart1B, kikker zeenek baas meel dom zoen boot den koel buut gaaf bal zoon pier lauw wes maag os mat rook bijt geel kei poor geit zes lol buit beest vier hap kous roes kup vast dik reef uur ga bo is rouw taal ees hal vee hik zout dak rug haak leuk luik pul was eer doos rand kuur zeep raar duif mendel piep oon rijn gaars pin wok lijm mouw raam jeuk
5210104,kaart2B, blok speer twaalf winst kaft paard sla stier pracht wild schroef grof melk staart zels graan kerk stuurs mals bleek held sneeuw braam sterk plant herfst prins verf sneeboord kerstgracht sterk koord splooien kruid licht krent wand proef schaad vreemd gram klut troon strip toets draai hulp knap haast merk duel rond speel druk kwijk klei stop dwerg sproet blond vloer stank glimp straf stink gast snoer beeld
5210104,kaart3B, neushoorn rietje verkeerd alfabetisch export lineaal hartelijk bus maatschappij populair honder complex stralend rekening morgenochtend lawaaierig uiterst fruit deel aanzienlijk lichaam stil opa kanaal zindelen gas compleet vogelspin boxer temperatuur klimaat natuur talent botsing niet machine mineraal racefiets
5210105,kaart1B, keer zee net nek vaas meel dom zoen boten den koel biet gaaf bal zoon pier lauw bes maag os mat rook bijt geel keib boor geit zes lol buit beest vier hap kous roespuk pup vaas dik ree vuur gaat boog wijs rauw hal vee hik zout stak rug haak luik beul rijk gas eer doos ram keur zeep raar duif men dol piep oom rijn mauw raam jeuk min koel bak win boer huis laag
5210105,kaart2B, blokspeer twaalf winst kaft paars sla stier pracht wild schroef grof melk straat zelfs graan kerk stuurs mals bleek held sneeuw braan sterk plat herfst prins verf snee bord kerst gracht ster koost koorts plooi kruid licht krent wand proef schaats vreemd gras kluts troon stip toets draai hulp knap haast merk dwel rond speels druk klei stop dwerg sproed blond vloer strauw
5210105,kaart3B, neushoorn rietje verkeerd alfabetisch export lineaal hartelijk dus man schaap bij populair ondert complex stralend rekening morgen ochtend lawaairig uiterst flui fruit inzienlijk lichaam stil opa knal vogelspin natuur
5210106,kaart1B, kierzee nekbaas milch tromzoen pootdem koel biet gegaaf balzoen bierlauw pes maag rook bijt
5210106,kaart2B, een blok speer twaalf winst kaft paard sla stier wild schroef golf melk straat zelfgaan kerk stuurt mals straat vreemd gerand klutst werk vuil rond
5210106,kaart3B, neushoorn reetverkeer alfabetisch export lineaal hartelijk busmaatschappij populair honderd complex stralend rekening morgenochtend lawaai stil open kanaal beloning aardgascompleet vogel boxer temperatuur klimaat natuurtalent botsing niet machine
5250108,kaart1B, weiss rauw taal hees hal vee hik saus dak brug haak luik bel ruik gas eer doos dam ram kuur zebraar duif men dol piep oon rijn gaas pin wolk wolk lijn mouw
5250108,kaart2B, blok speer twaalf winst koft paard sla stier bracht wild schroef groot melk staart zelfs graan kerk stuurs maus bleek held sneeuw braak braam sterk plat herfstprins verf snee bord kerst gedag gebracht ster korst plooi kruid licht krent wand hoef schaats fret graan kluts troon strip toets draai hulp knop haast neer dwaal rond speels druk klei stopt weg spoelt
5250108,kaart3B, neus on rietje verkeerd af alfabet export lineaal hartelijk busmaatschappij populair honderd complex tralend rekening morgen ochtend lawaairig uiterst fruit teelt aanzienlijk lichaamsdeel opa kanaal beloning zin de lijk veranderd de rim aardgas compleet vogelspin boxer temperatuur klimaat natuurland boxing niet machine minern rauw racefiets at tepsi soepel ondanks wijsvinger beroemd kaarsrecht proeven reisgids absoluut instapkaart
5250109,kaart1B, kier zee nek baas meel don soen boot den koel biet gaaf bal zon zon pier lau bes maag os mat rook beit geel kei poor geit ses loo buit dees vier hak kaus roes pup vaas dik ree vuur gaap bolg wijs rauw taal hees hal vee hik saus dak rug haak luik pel rijk gas eerdos ram kuur zebra duif door piep oon rijn gaas pin wok lijn
5250109,kaart2B, blok speer twaalf winst kraft paard sla stier pracht wild schroef grof melk staart zelfs graan kerk stuurs maas bleek held sneeuw braam sterk plat herfst prins verf sneeuw bord kerstgracht sterk korst plooi kruid licht krent wand proef schaats vreemd graan pluts troon strip toets draai hulp knap haast merk dwijel rond speels druk klei stop dwerg spond blond vloer stank
5250109,kaart3B, neushoorn rietje verkeer verkeerd alfabetisch export lineaal hartelijk beursmaatschappij nul honderd complex stralend rekening morgenochtend lawaairig uiterst fruitdeel aanzienlijk lichaamsteel opa kanaal beloning zinnelijk veranderen aardgas compleet vogelspin bokser temperatuur klimaat neutraal natuurtalent botsing niet machine mini minisfiets actief soepel ondanks wijsvinger beroemd
5250202,kaart1B, hieromzee nek baas meel domme zoen boter den koel biet gaaf bal zoon pier lauw bes maag os mat krok bijt geel kei por geit ses dolle bijt beest vier hap kaus roest pum vaas dikke weef uur gaaf boog wijs goud taal haas haal vee hik saus dak rug haak luik pel rijk gas eer doos ram puur zeven haar duif men dol piep oom rijn gaas spin wolk lijn vaas mouw raam jeuk wind koel bak veen boor heus laan oentas schot jouw doof taak duik tolk kies boeg lap vol zeer bui dek vies kaal weeg hennen rof vogel deur beer
5250202,kaart2B, stokspeer twaalf winst kast paars sla stier pracht wild schroef grof melk staart zelfgaan kerk zuur mals bleek held steel braam sterk plat herfst prins verf snee bord kerst brach ster korst plooi kruid licht krent wand proef schaats vreemd gaan gram klust kroon strip toets trei hulp knap haast merkt wauw rond speels druk plei stopt werg sproet blond voer stank glink straf dienst gast snor beeld graag langs griepen zee darm soop wens blond stomp waar daar draaf zwart proost fruit streng braars krab spoor nieuws daar bocht rijt schaal terwist graag strik strijk kans ing voort veel snij troost
5250202,kaart3B, nee zon ritje is verkeerd alphabet export linea hartelijk busmaatschappij populair honderd complex zalen rekening morgenochtend erbij recht uitrusting fruitstijl aanzien lichaamsdeel openbaar kanaal beloning zindelijk veranderd aardgas compleet vogelspin bokser temperatuur klimaat natuurtalent botsing nietmachine mineraal racefiets attendent soeplepel soeppel ontdanksverwijs springer rond kaars recht proeven reisfiets absoluting slaapkaart tweeling voetbal binnenland aardappel planten renningswerken prima steenlak winkelwagen reisveld herhaling kritisch autorit herhaling staf dieren duur en onweerswolk natuurwel slaapkamerdeur rommel perzik voedingsstoffen klaspapier schuifspunten
5250207,kaart1B, kiezenik baasmeel don zoen boot den koel biet gaaf bal zoon pier lauw but bes maag os mat rook opbijt geel keit poor geit zes lol buit pees vier hap kaus roespup vaas dik ree vuur gaap boog wijs touw rautouw taal hees half hee hik saus dak rug haak leuk puil rij gas eer doos raam kuur zeep raar duif men dol piep oom rijn gaas pin rok lijn maal raam jeuk min koel bak veen boer heus laan hoem tas rot jouw doof taak duik tol kies boeg lap vol zeer puil lek vis kouw beek hen rolf
5250207,kaart2B, blok speer twaalf winst kaffet paard slaat stier pracht wild schroef grove melk staart zelf graan kerk stuur mels bleek held sneeuw braam sterk plat herfst prins verf sneeuw bord kers gracht ster korst plooi kruid licht krent wand proef straat vreemd gram kluts troon strip toets draai hulp knap haast merk terwijl rond speels druk klei stop dwerg sproed blond vloer stang glimp straf tint gast snoer beeld graat langs riep sneeuw darm stroop wens klont stomp klaar draf zwart proost fruit streng baars krab spoor nieuws blaar bocht krijtschaal triest graag schrik strek krans inkt
5250207,kaart3B, ruisel rikje verkeerd alfabetisch export lineaal hartelijk busmaatschappij populair honderd complex stralend rekening morgenochtend lawaai uiterst fruit teelt aanzienlijk lichaamstil opa kaneel beloning zinstil veranderingen aardgas compleet vogelspringen boxer temperatuur klimaat natuurtalent botsing nietmachine mineraal racefiets attentie soepel ondanks wijsvinger beroemd kaarsrecht proeven reisgids absoluut instapkaart tweeling voetbal binnenband aardappelplant reddingswerken prima steeds winkel wagen rijst veld herhaling kritisch autorit heling straf strafdie staafdie gram duwen onweerswolk neutraal slaapkamerdeur homo persje vervoedingsstof klad papier kruispunt
5250210,kaart1B, blok speer twaalf winst kalf paard slaf stier pracht wild schroef schrof melk straat zelfs graan kerk sterf mals beleek held sneeuw braam sterk plat herst prins verf sneeuw boord kerst kracht ster plooi kruid licht krent wand strip toets draai hulp smel merk druk klei stop dwerg
5250210,kaart2B, kier zee nek baas meel dom zoen boot den koel biet gaaf bal zoon pier lauw bes maag os mat rook bijt geel krij poor geit zes lol buit bees vier hap kaus roes pup vaas dik ree vuur gaap boog wijs rauw taal hees hal vee hik saus dak rug haak luik peul rijk gas eer doos ram keur zeep raar duif men door piep oom rijn gaas pin rok lijn mouw raam jeuk min koelbak veen boor neus laan oen tas rot jouw doof taak
5250210,kaart3B, neushoorn rietje verkeer alfabetisch export lineaal hartelijk busmaatschappij populair honderd complex stralend rekening morgenochtend lawaaierig uitster fruitteelt aanzienlijk lichaamsdeel opa kanaal beloning zindelijk veranderen aardgas compleet vogelspin bokser terp temperatuur klimaat natuur talent botsing nietmachine nietmanieraal racefiets attentie soepel ondanks wijsvinger beroemd kaarsrecht proeven grijs gids absoluut instapkaart tweeling voetbal binnenband aardappelen
5250219,kaart1B, hier zee nek baas meel dom zoen boot den koel biet gaaf bal zoon pier lauw bes maag os mat rook bijt geel kei poor geit zes lol buit pees vier hap kaus roes pup vaas dik ree vuur gaap boos wijs rauw taal hees hal vee hik zaus dak rug haak luik peul rijk gas eer doos rankeur zebra duif men dol piep oon rijn gaas pin boer
5250219,kaart2B, blok speer twaalf winst kaft paard sla stier pracht wild schroef grof melk staart zelfs graan mer kerk stuurs mal mals bleek held sneeuw braam sterk plat herfd prins verf snee borst kerfd geracht wand vreemd graan kluts toets draai hulp
5250219,kaart3B, neushoorn rietje verkeerd alfabetisch export lineaal hartelijk busmaatschappij populair honderd complex stralend rekening morgenochtend lawaairig uiterst fruit fruitdeelt aanziendelijk lichaamsdeel opa kanaal beloning zindelijk veranderen aardgas compleet vogelspin bokser temperatuur klimaat natuurtalent botsing niet machine miniraal racefiets attentie soepel ondanks wijsvinger beroemd kaars
5250226,kaart1B, kiezen nekwaas meel don zoens botem koel biet gaaf bal zoon pier lauw bes maag os maas oot bijt geheel kei purr geit zes lol bijt pie pees vier hap kous roes pup baas dik ree vuur gaaf boog wijs rouw taal heese hal vee hik zout stak rug haak luik peel rijk gas eer doos ram kuur zeep raak duif men don piep oom rijs zijn gaas spin bok lijn mouw raam jeugd mien koel bak veen oor heus laam oen das rot jauw doof taak
5250226,kaart2B, spier twaalf winst kof paard sla stier pracht wild schroef melk staart zelfs graan kerk stuurs mals leek held sneeuw braam sterk plat herfst sprints ver snee bord kers gracht ster kort plo bekruid licht krent wand ploef schaats vreemd graan kleut traal strip toets draai hub kop knap haast merk terwijl rond speels druk klei stop dwerg sproed bloms vloers tank
5250226,kaart3B, rietje verkeerd alpettisch export lineaal hartelijk busmaatschappij populair populair honderd complex stralend rekening morgenochtend lawaairig uiterst fruitdeel aanzienlijk lichaamsdeel opa kanaal beloning ziendelijk veranderen aardgas compleet vogelspin bokser temperatuur klimaat natuurtalent botsing niet machine mineraal racefiets soepel ondanks wijsvinger beroemd kaarsrecht proeven rijstgids
5260105,kaart1B, kierzee nek baas mil dom zoen boot den koel biet gaaf wal zoon pier lauw bes maag os mat rook bijt giel kei poor geit zes lol buiten beest vier hap kalus roes pup vaas dik ree vuur gaaf boog wijs te rauw taal ees half vee hik zuis dak rug haak lui vul rijk gas eer doos rang keur zeef raar duif men dol biet oon rijn gaas pin wolk wolk lijn maal raam jeug min maal min koe bak veen poor neus heus laan oen tas rot jouw doos taal duik toon geit zeef zeef zeef zeef zeef zeef
5260105,kaart2B, blokspeer twaalf winst kalf kaft paard sla stier pracht wild schroef grof melk staar staart zelfs graan kerk vuurs mals bleek held sneeuw braam sterk plat herfst prins werf snee bord ger kerst kers gracht ster korst plooi kruid licht krant wand proef schaats vreemd grand pluts troon strip toets draai hulp knap haast merk twijl rond speels druk klei stop dwerg sproet blond vloer stank glimp straf tent tint gast vuur beeld graaf langs griep griep
5260105,kaart3B, neushoor riekje verkeerd alfabetisch export lineaal hartelijk busmanschappij populair honderd complex stralend rekening morgenochtend lawaaijerig uiterst ruithild aanzienlijk lichaamsdeel opa kanaal beloning zinderlijk verandering aardgas compleet vogelswin boekscher temperatuur klimaat natuurtalent botsing diepmachine mineraal racefiets attentie soepel ondanks wijsvinger beroemd kaarsrecht proeven reisgids absoluut instapkaart tweelingvoetbal binnenband aardappelplant renningswerker prima stevig winkelwagen reisveld herhaling kritisch autorit herhaling
5260113,kaart1B, kier zee nek baas meel dom zoen boot den koel biet gaaf bal zoon pier lauw bes maag os mat rook bijt geel kei por geit zes lol buit pees vier hap kous roes pup vaas dik ree vuur gaap boog wijs rauw taal hees hal vee hik saus dak rug haak luik puil rijk gas eer doos ram kuur zeep raar duif men doel diep piep oom rijn gaas pin wolk lijn mouw raam jeuk min koel bak veen boer heus laam
5260113,kaart2B, blok spier twaalf winst kaft paard slaap stier pracht wild schroef grof melk staart zelfs graan kerk stuurs mals bleek held sneeuw braam sterk plat herfst herfst prins vert verf snee bord kerst kracht ster korts plooi kruid licht krent wand proef schaats vreemd graam klut troon strip toest draai hulp knap haast merk dwel rond speels druk klei stop dwerg bloed blond
5260113,kaart3B, neusarmritje verkeerd alfabetisch export lineaal hartelijk busmaatschappij populair honderd complex stralend rekening morgenochtend lawaaierig uiterst fruit teelt aanzijnlijk lichaamsdeel opa kanaal beloning aanziendelijk veranderen aandacht aardgas compleet vogelspin bokser temperatuur klimaat natuurtalent botsing nietmachine mini mineraal racefiets autentie
5260114,kaart1B, vier zee nek baas meel dom zoen boot den koel biet gaaf bal zoon pier lauw bes mag os mat rook bijt geel kei por geit zes lol buit pees vier hap kaus roes pup vaas dik ree vuur graap boog wijs rauw taal hees halvee hik saus dak rug haak luik peul rijk gas eer doos ram kuur zeep raar druif men dol gaas pin wok lijn men
5260114,kaart2B, lok speer twaalf winst kalf paard sla stier pracht wild schroef grof melk staart zelf graan kerk stuur maals sneeuw braam sterk blad herfst vreemd gram klust troon strip toets draai hulp knap haast merk dwerg speels druk kleistop dwerg
5260114,kaart3B, neushoorn rietje verkeerd alfabetisch export lineaal hartelijk busmaatschappij populair honderd complex stralend rekening morgenochtend lawaaijerig uit rest uitrest fruit fruitteel aanzienlijk temperatuur klimaat natuurtalent bot bot machine
5260119,kaart1B, kierzee nek baas meel don zoen boot den koel biet gaaf bal zoen pier lauw bes maag os mat rook pijt giel kei poor geit zes lol puit pees vier hap kous roes pup vaas dik reef vuur gaap boog wijs rauw taal hees hal vee heek saus dak rug haak luik peul rijk gij gas eer doos ram kuur zeep raar duif men dol piep oom rijn gaas pin wok lijn mouw raak jeuk min koek bak
5260119,kaart2B, blokspeer twaalf winst kaft paard sla stier pracht wild schroef grof melk staart zelfs graan kerk stuurs mals bleek held sneeuw braan sterk plat herfst herfst prins verf snee bord kerst gracht ster korst plooi kruid licht krent wand proef schaats vreemd gram kluts troon strip toetsen draai hulp knap haast werk dwijl rond speels druk klei stop dwerg sproed blond vloer stank glimp straf
5260119,kaart3B, neushoorn rietje verkeerd alfabetisch export lineaal hartelijk busmaatschappij populair hunderd complex stralend rekening morgen ochtend lawaairig uiterst fruitteelt aanzienlijk lichaamsdeel opa kaneel beloning zinderlijk veranderen aardgas compleet vogelspin bokser temperatuur klimaat natuurtalent botsing niet machine mineraal racefiets attentie soepel ondanks
5260121,kaart1B, hier zee nek paas meel donder zoen boter ten koel biet gaaf bal zoon pier lauw bes maag os nat rook bijt giel kijk poor geit zes lol buit beest vier hap kous roes pup vaas dik ree vuur gaap boog wijs rauw touw hees hal vee hik saus dak rug haak luip bui gas eer doos ram kuur zeep raar duif men bol piep gaas pin haak roep roep roep roep
5260121,kaart2B, blok speer twaalf winst kaft paard sla stier pracht wild schroef golf melk staart zelfs graan kerk stuur mals bleek held sneeuw braam staart blad herfst prins verf snee bord kers geracht sterp koorts popel kruid licht krent wand proef schaast vreemd gram kruik gelust troon triep
5260121,kaart3B, neushoorn rietje verkeerd alfabetisch export lineaal hartelijk busmaatschappij populair honderd complex stralend rekening morgenochtend lawaairig uiterst fruit fruit deel aanzienlijk lichaamsdeel opa kanaal beloning zinderlijk veranderen aardgas compleet vogelspin bokser temperatuur klimaat natuurtalent botsing nietmachine mieners mienhoud mienhoud heet
5260122,kaart1B, kier zee nek baas meel dom zoen boot den koe biet gaaf bal zoon pek pier lauw wes maag os mat rook pijt geel kei por geit leses lol buit pees vier hap kaus roes pup vaas dik ree vuur graap boog wijs rauw taal heest hal vee hik saus dak rug haak luik pup pul rijk gas eer doos ram ker zeep raar duif men dol piep oom rijn gaas spin wolk lijn mouw raam jeuk min koe bak veen bor heus laan oen tas rot hiep
5260122,kaart2B, blok speer twaalf winst kaft paard sla stier pracht wild schroef grof melk staart zelfsgraan kerk sturts sturs mals bleek held sneeuw braam sterk plat herfst prins verf snee bord kers gracht ster korts plooi kruid licht krent wand poef poef schaats vreemd gram kluts troon strip toets draai hulp knap haast merk dwel rond speels druk klei stop dwerg sproet blond vloer stank glint
5260122,kaart3B, neushoorn rietje verkeerd alfabetisch export lineaal hartelijk busmaatschappij populair honderd complex stralend rekening morgenochtend lawaairig uiterst fruitveeld aanzienlijk lichaamstil opa kanaal beloning zindelijk veranderen aardgas compleet vogelspin bokser temperatuur klimaat natuurtalent botsing niet machine mineraal racefiets attentie soepel ondanks wijsvinger beroemd kaars recht
5410118,kaart1B, kier zee dek baas meel don zoen bo ten kol biet gaaf bal zoon pier lau pes maag os mats roof pijt geel pekij por geit tes zes lol bruit bees pier hap kaus roep roes poet pup vaas dik ree wa vuur gaap boog weis rauw taal rees haal wee hik saus dak rug haak luik peul rijk kas eer doos rap keur zebra duif ben dol piep om ren kaas pien wok lijn mouw raam jeuk min koen bak veen boer
5410118,kaart2B, blok speer twaalf winst kraft paard sla stier pracht wild schroef grof melk staart zelfs graan kerk stuur smals bleek held sneeuw braan sterk plat herfst prins verp steen boord kers kraft ster korst plooi kruid licht krent wat proef proever schaats vreemd graan klunt stroon strip stoets draai hulp knap haast merk dwijl rondspeels drug kleistop dwerg sproed blond vloer strak glim straf steeds
5410118,kaart3B, neushoorn rietje verkeerd af puntie export lineaal hard hartelijk bus maatschappij populair honderd complex staal staal kwalijt rekening morgenochtend lawaai richt uiterste fruitteelt aanzienlijk lichaamsdeel opa kanaal beloning zintel veranderend artsgas compleet vogelspin boksel temperatuur klimaat natuurtalent botsing niet machine mineraal racefiets attract
5410119,kaart1B, kier zeenik bas milton zoen potem koel piet gaaf bal zoon pier lam best maag oos mat rood pijt geel kijk por geijt zes nol buit pees vier hap kaus roes pup vaas dik reek vuur gaaf boog wijs rauw taal hees hal vee hik saus dak rug hak luik peul rijt gas eer doos ram keur zebraan duif meen dol piep oom rijn gaas pin rok lijn mouw raam jeuk min koel bak veen borp heus laan hoel tas rot jouw doof dak duik tol kiesboeg lap volk zierbeug
5410119,kaart2B, blok speer twaalf winst kalf paard sla stier bracht wild schroef korp melk staart zelfs graan kerk stuurt maals bleek held sneeuw braan ster plant herfst prins verf snee bord kers gracht ster kort splooi kruid licht krent wand proef schaats vreemd gang klutsch tron strip toets draai hulp knap haast merk dwaalf dwijl rondspeels druk kei stop dwerg sproet blond voer stak glip gestraf tint gast schnoer beeld graan langs schriep sneeuw drang stroop wenst klont stromp klaar draf
5410119,kaart3B, neushoorn rietje verkeerd af af af alfabetisch expolineel hartelijk bus maatschappij populair honderd complex stralend rekening morgen ochtend lawaaierig uiterstig fruit teelt aanzienelijks lichaamsdeel opa kanaal beloning zinnelijk veranderd aardgas compleet vogelspin bokser temperatuur klimaat natuurtalent boxing niet machine mineraal racefiets antinentie soepel ondanks wijsvinger beroemd kaarsrecht proeven reisschits absoluut instapkaart tweeling voetbal binnenband aardevolplant reddingwerker prima stedelijk
5410212,kaart1B, kier zee nek baas meel dom zoen boot den koel biet gaaf bal zoon pier lauw bes maag os mat rook bijt geel kei por geit zes lol buit pis vier hap kaus roes pup vaas dik ree vuur gaap boog wijs rouw taal heest halvee hik saus dak rug haak luik peul rijk gas eer doos raam ram kuur zeep raar duif men drol piep omer rijn gaas pin wok lijn jeuk min koel bak veen boor heus laan oen tas rot jouw doof tv gelderland 2020
5410212,kaart2B, blok speer twaalf winst kalf paard sla stier pracht wild schroef grof melk staart zelfs graan kerk stuurs mals bleek held sneeuw braan herst prins velf snee bord kerst tint
5410212,kaart3B, neushoorn rietje verkeerd alfabetisch export lineaal hartelijk busmaatschappij populair honderd complex stralend rekening morgenochtend lawaaierer uiterst fruit tilt aanzienlijk lichaamsdeel opa kanaal beloning zindelijk veranderen aardgras compleet vogelspin bokster temperatuur klimaat natuurtalent botsing niet machine mineraal reeswiet absentie soepel ondanks wijsvinger beroemd
5410215,kaart1B, keer zee nek baas meel dom zoen boot den koe biet gaaf bal zoon pier lauw bes maag os mat rook bijt geel kei por geit ses lol lol buit pees vier hap kaas roes pup vaas dik reef reef vuur gaap boog wijs rauw taal hees haal vee hik saus dak rug haak luik peel peul ruik gas doel ier toes ram keur zeep raar duif men dol piep oom rijn gaas pin wolk lijn mauw ram juik min koek
5410215,kaart2B, blok speer twaalf winst kalf paard sla stier pracht wild schroef grof melk staart zelfs graan kerk stuurs mals bleek held sneeuw braam sterk plat herst prins verf snee bord kerst kracht ster korst plooi kruid licht krent wan want proef schaats vreemd graan gramft klust strom strip toets draait hulp knap haast merk dwijl
5410215,kaart3B, neushoorn rietje verkeer alfabetische export lineaal hartelijk busmaatschappij populair honderd complex stralend rekening morgenochtend lawaai uit terst geluid stilt aanzienlijk lichaamsdeel open kanaal beloning ziendelijk veranderen complex vogelspin bokser temperatuur klimaat natuurtalent botsing niet machine mineraal racefiets
