participant,word list,Faster-Whisper-Large-v2
4010103,kaart1A, ijsboom dun rek riet zout spaal kuil net puur bak lijn min jeuk mouw boor veen keukool wok raam den baas kool dom rek mil boot zee kier zon pien pin dol gaas men oom zeep duif raar piep ren ruin doos luik raam haark trug lijn rug eer kuur geur gas pul puil reik zuur teug tip
4010103,kaart2A, klaar wens griep stomp langs draf klont darm snie stroop krijt graag strikt film schaal sluit vorst triest kran krans inkt slak mast grint slurf troep blij pols mast glads ernst flot stunt arm brief spreeuw brul troost plus mist balk dwel rond krij merk stop druk sproets haast speel dwerg
4010103,kaart3A, oberrekening stralende fruitzeelt morgenochtend aanzienlijk lichamesteel complex lawaaijerig uiterst stiefzus kijkzuivers minimaal tuinhek sterrenhemel briljant kokker hengel vervolgens opzettelijk nietmachine ondanks vijftiger natuurtuin
4010111,kaart1A, ijsboom dunderdek rietzoutbal lelmet puberbak leinwind jeuk wauw borf veenkoe bokraam tentbak baaskoe domdek merelboot zeekeer zoonpindel gaasman oomzeebeduif lijndoos luik rang haak lug eer kuurgas peul ruik zuurtuig kip elf zol riembot pan leeg rijphal wijsboog vee rauw hektaal heesdak saus jauw huis rot oen tas duik naam ton dooftaak vit
4010111,kaart2A, klaarwens grieps stomp langs draf klontdarm sleustrook krijtgraag strikwiel schraal snuit voort tries krans inkt slak maast rind sleur droep lei pols mast glad ernst flot stuntarm brief sneeuw brul troost blus wis balk dwel rond klein werk stop druk sproet haast speelt dwerg zacht smoes mond zwijger grijs korst flauwtaart spons blik trotskluis minst pops vast punt zwak broek frots boei grijs kort want plooi licht kerst kerst proef ster kruid goedemiddag
4010111,kaart3A, opa regenis stralend fruitdeel morgenochtend aanzienlijk lichaamsdeel complex lawaairig uitrest stiefses kijkcijfers minimaal tuinhek sterren en hemel briljant koker hengel vervolgens opzettelijk liedmachine ondanks wijsvinger natuurtalent oxy leeswiet minieraal soepel
4010112,kaart1A, ijsboom dun rek riet zout paal kuil net puur bak lijn min jeuk maal boor veem koel wok raam den baas koel koel dom hek meel boter zeek hier zoen pin doel gaas men oom zeep duiven raar piep rij doos leuk ramp haak rug eer keur gas paal peul rijk zuur terug kip uil zool riem boot pan weg rijp haal wijs hoog vee rauw
4010112,kaart2A, klaarwens riep stomp langs draa klomp draa darm sneeuw stroop krijs graag strikt film schrauw snuit voort vriest krans ink slak naast griep slurf troep blij pols mast glad ernst voelt kunst stunt arm brief spreeuw bril troost plus mist balk dwijl rond klein merk stopdruk
4010112,kaart3A, opa rekening stralend fruit stil morgenochtend aanzienlijk licht deel complex lawaai heren uiterest stief zus kijk kijver kijvers miniaal tuinhek sterrenhemel briljant koker hengel vervolgens opzittelijk nietmerkisch ondanks wijsvriendelijk natuurlijk natuurtalend actief
4010115,kaart1A, icebombs rapeseeds rice salt leeks herbs mint pure baklava mint yoke mau bor fennel cow cloud raam den baas koel dum nek mil bot zee keer zoet zoen pim dool graas men om zeep duif raar pip rijndoos leuk ram rug
4010115,kaart2A, klaar wens griep storm langs daf draf klont darm sneeuw stroop krui graag schrik film schraal snuit woord triest krans inkt slak naast grint slurf troep bij plots hans mats glad ernst vlot
4010115,kaart3A, opa rekenen stralend stralend fruit deelt morgenochtend aansiekelijk lichaamsdeel complex lawaai lawaaierig uitstekend stiefjes kijkcijfers kijkcijfers minimaal tuinhek sterrengel prijtband kogel hengel
4060102,kaart1A, icebomb the reich rietz zout planck klein net puh bock lein bunt jeug baal boer van koe volk raaf den baas koel donner neel boot zee krierson pindol gaas men moe ohm sieb dijk raaf piep rijn doos luik raam haak hoog ier keur gass puul rijk zuur teig kip ein zuin riep bot pot weeg riep hal weis boog veen raaf hiek tal hiss dok saas jaal hees rot uen das dijk laan ton dijk dijk wit zijn
4060102,kaart2A, klaar wens schiep stomp langs draf klont dram sneeuw stroop kraag gedaag strikt flim scharel snijt voort triest kronst hinkt slak naast geen sleuf troep blij plons mast glad ernest vlonst stunt arm brief sprui bril trost plut mist blok de waal de hond klein merk stop druk sproet haas speels de wijg zacht smoes mond zwijngraat kort fluit taart spons blik trots kleins minst pop wacht punt zwak broek frans bloem geramd
4060102,kaart3A, open rekening straliend vrij steelt morgenochtend aanzienlijk lichaam deel complex waar wie riegen uit de richt stief zus striefzus kijk schrijvers minimaal tuinhek sterren helemaal bril jont koeker henkel vervolgens opzettenlijk niet machine ontdek zwefvinger natuurlijk talent optie entetie ravi fietsen mireille soepel optie
4060105,kaart1A, ice cold dim wreck reed south south net pure buck lime mint yolk mow boar fang cool hook ram dam bass cool dom net meal boat safe here soon ping dool gas men own say dove raar beep rime loose luik ram haak rug air cure gas filt reik zuurt trug kip elk zol reen bot pan leeg reik hal wijs boog vee rauw heek taal hees dak zaus jauw heus rot boem tas duik laan dool doof taan taak fit
4060105,kaart2A, klaar wens grieps tomp langs draf klomp dang sneu stroop krijt graag strik film schraal snuit voort triest krans inkt slak naast grieps sleuf troep lijp bos mast grat ernst vlot stunt arm brief spril hul troost plus minst mist balk twaal rond kluip merk stop druk sproet haast spil dwerg zacht smoes bom tezwijg grijns koors flauwt zaart spons blik trot trots kluis minst bom vacht
4060105,kaart3A, opa rekening stralend fruit teelt morgenochtend aanzienlijk lichaamsweer complex lawaaierig uiterst stiefvus kijkcijfers minimaal tuinhek sterrenhengel briljant koker hennel vervolgens opzettelijk lichtmachines ondanks wijsvinnen natuurtalent attentief razendvies mineraal soepel botsen beroemd skimmiaal alstublieft
4060106,kaart1A, icebombs thinner eggs rice salt bread kale net pure bak lime mint yoke maal boer boer veen koe vok raam den bas koe dom nek meal boat zee kier kier kier zon pin dol gaas min om zeep duif raar piep rijn doos luik raam haak rug eer kuur gaas paap peul rijk zuur terug kip uil zool riem boot pan legerie riep huil wijs boel
4060106,kaart2A, klaar went schrip stomp stomp langs daaraf klompt darm snee snee snuit stroop kwijt graag schript film straalt snuit voort driest krans int slapt naast greek slurf troep blijf koolst maast glad ernst vlot stond arm brief spreeuw bruil trots plus mist mist balk dweil rond klee merk stop druk sproed haast
4060106,kaart3A, opa rekenen stralend veruitend morgenochtend aanzienlijk lichaamsdeel complex lawaaierig uitengste stiefzus kijkcijfers minimaal tuinhek sterrenhengel briljant koker hengel vervolgens opzetten lijk liedmachine ondanks wijsvinger natuurtalent attentie
4200202,kaart1A, ice bone dun wreck rate salt baal kuyl net puur bak lijn min jeuk mauw de boer veen koe wok raam den baas koel tom nek meel boot zee keer zoen pint doel glas men oom zep zeep duif raar piep rijn doos lij lijk raam haar haak rug eer keur gas peul puul rijk zuur terug kip uil zoen riem boot baal leeg rijn haar half wijs
4200202,kaart2A, la wens riet stomp la langs draf plont darm sneu stok stroop wij krijp raag trik film schraal smuit vorst kraans inkt slak naast vriend sleur truif truf trub blijp bols maast glaat ernst blot stunt arm vree brief spreeuw brul
4200202,kaart3A, rekening stralend fruitdeel morgenochtend aanzienlijk lichaamsdeel complex lawaaierig uiterst stiefjes kijkcijfers minimaal tuinhek sterrenhemel briljant koker hengel vervolgens opzettelijk ontzettelen opzettelen niet machine ontdanks wijsvingen natuur
4200216,kaart1A, ijspoten rekadiet zoutpalken met puur baklijn mint jeugd melk por veen koel fok raam ten paas koel ton nek meel poot zee kier zoen pintel gaas men boom zee duif raar piep rijm doos luik ram haap rug eer keer gas bel rijk zuur teug kip uil zond riem poot pan leeg rijp hal wijs boog vee rauw hik taal hees tak zout heuw teun stot oen tas duif raam ton
4200216,kaart2A, klaar wens griep stomp langs straf klont darm sleus troop krijt graag strik strikt film schraal schraal snuit borst triest krans inkt slak naast gewind slurf troep blij bos mast glad ernst trots trot arm brief spreeuw bril trots plus mis ook dweil klont klein merk stop druk sproed haast speels dwerg zacht snoes punt zwij grijns korts flauw taart punt splik trots kluis minst pomp vacht punt zwak broek bloei graag korts wand bloei licht kerst krans grof
4200216,kaart3A, beginnbaar rekening stralend ruiktot morgenochtend aanzienlijk lichaamsdeel complex waaierig uiter stiefzus kijkcijfer minimaal tuinhemel sterrenhemel briljant koker hengel vervolgens opzettelijk niet magen niet megen ondanks wijsvinger natuurtalent fantatie rekenvies mineraals soepel botsing
4210102,kaart1A, icebomb dunewreck ritz zankpal kull net pure buck lime min yeuk mow dobor fink kool wok raam den baas kool tom neck nill both zade keer zo zoon pin dol gaas men om zeep duif raak piep krijn doos luik ram aak rukh eer keer gas pul rijk zuur teug kip elf zoel riem bot pan leeg rijp alwijs borg vee rauw ik tal hees bak sausje jauw neu hees rot oen tas duik laan
4210102,kaart2A, klaar wens griep stomp langs draf rond darm snuiw stroop krijt vraag graag strikt film schraal snuit voort triest krans inkt slak naast grint slurf troep blij borst mast grat ernst vlot stunt arm brief spreeuw brul troost plus mist balk dwaal rond klein merk stop druk sproed haast spult dwerg zacht smoes bond zwaai grijns korst flauw taart smuls blik trots kluis minst pomp vacht punt zwak broek frons bloei
4210102,kaart3A, opa rekening stralend vooruit teelt morgenochtend aanzienlijk lichaamsdeelcomplex lawaairig uiterst stiefzus kijkcijfers mini maal tuinhek sterrenhemel briljant kolker hengel vervolgers opzettelijk niet machine ondanks wijsvinger natuurtalent attentie razendfiets mineraal soepel botsing beroemd geniaal alfabetisch export honderd populair
4210103,kaart1A, ijsbam den rekrijt sjou paal plakien net puur baklijn mijn leuk mevrouw boer veen koel voelk dam den bas koel dam rek heel boot zee kier zoen pindoka gaas men oemen om zee druif raas piep rijn doos rijn
4210103,kaart2A, klærbenskip tomplangstaff klundstamnøy ståp sechtschästring fjellschaal strømgård stiets krant inkt slang nast rind strøm rup beibrund most gas ernst flod stund vorm briefs brilde stort pløs mist spår deil rund klein
4210103,kaart3A, al paar rekening strand fruit deel monumenten aangezien langs deel compliment lang uit kijkschijner minimaal tuinhek tuinhek steenhelemaal primant brokker engel vorst op neef in wijs nest natuurlijk zestie stulp stoel stoel brood
4210105,kaart1A, ijsboom bun rek riet zout paal kuil net vuur pak bak lijn min jeuk mouw bor veen koel wok raam ten baas koel dom nek mil boot zee kier loem pin dol gaas men oom zee duif raar piep rijn doos neuk raam haak rug eer keur gas peul rijk zuur teug kip uil zol riem boot pan leeg rijp haal wijs bulg vee rauw hik tel hees
4210105,kaart2A, knaar wens griep stom langs eraf klont darm sneuw stroop krijt graag strikt veel schaal snuit voort triest kranst inkt slak naast grint slurf troep blij pols mast glad ernst vlot steun arm brief spreeuw rot trots plus mist balk dwel rond klein merk stop druk sproet haast spel speels dwerg zacht sloes bond zwaai grijns korst flauw taart spons blik trots keels
4210105,kaart3A, open rekening stralend fluisterend morgenochtend aanzijnlijk lichaam stil complex lawaaierig uiterst stiefzus kijkcijfers minimaal tuinhek sterrenhemel briljant koker hengel vervolgens opzettelijk niet machine ondanks wijsvinger natuurtalent attentie reflecties minimaal soeplepel botsing beroemd lineaal alfabetisch explore export honderd populair verkeerd rietje hartelijk besmaatschappij neushoornig
4210110,kaart1A, ijsboom dunrek riet zout paal kaal net purf bak lijn mien jeuk mouw porf veen koel woon wolk raam den baas koel ton nek meel boot zee kier zoen pint doel gang gas men op zeep tuif raar piep rijn doos luik raam haak reug eer keur gaas peul rijk zwart touw kip ouzo riem bot
4210110,kaart2A, klaar wens griep stom langs graag loont darm snu stro krijt graag strik veel schrouw snuit treist krans enk slaak nast grint sleur troep glijp pols mast glaant eerst vol snut aardrief spiro prul trots plusminus balk terwijl rond kraai merk stopdruk
4210110,kaart3A, open rekening stralen vrije tel morgens ochtend zij lijkt lichaam stil complex leverig uiterst stiefjes kijkcijfers minimaal tuinhek stekrekenen briljant koker hoekel vervolgens opzettelijk niemand schijnen omdoks
4250105,kaart1A, ijsboom dunrek riet zout paal kul net puur bak lijm min jeuk mouw bor veen koel wook raam den baas koel ton nek meel boot zeek kier zoen pint dol gaas men boom zeep duif raar piep rijn doos luik ram haak heer rug heer keur gas pul rijk zuur tuch kip el zoen riem bot pan leeg rijp hal wijs boog vee rauw hik taal vees dak saus joop jep heup heus rot
4250105,kaart2A, griep stomp langs draf klont darm sneeuw stroop krijt graag strikt film schraal snuit voort triest krans inkt slak naast grint slurf troep blij pols mast glad ernst vlot steun arm brief spriel brul troost plus mist balk dwel rond klei merk stop druk sproed haast speels dwerg zacht smoes bont zwaai grijns korst flauw taart spons blik trots
4250105,kaart3A, opa rekening talent fruithild morgenochtend aanzienlijk lichaamstil complex lawaairig uiterstiefse kijkcijfers minimaal tuinhek sterrenhemel briljant koker hemel vervolgens opzettelijk niet machine ondanks wijsvinger natuurtalent atletiek racefiets minigang soep spel buitenzien beroemd lineaal alfabetisch export honderd populair verkeerd dank u wel
4250117,kaart1A, ijsboomtunrekrietzoutpaalkuilnetpuurbakluimienjeugmaalborveenkuwokraamdenbaaskuultronnekmeelbootzeekierzoenpindolgaasmenomzeeduifraarpieprijndoosluidkraamhaakrugeerkuurgeluid gasbungrijzuurkrugkipuilzoenriembotpanlegleeggrijphalwijsboogveerauwiktaal eesheesdaksaushuisrotoentasduiknaadooftaakritsainootlieskatluinreusneerrekriet
4250117,kaart2A, klaar wens schiep stoms langs draf klont darm sneu stroop krijt graag strik film schaal smuit voort triest krans inkt slak naast gint slurf stroep blij pols mast glad ernstig vlot stunt arm brief spreeuw rul strot plus mij bal balk twijl rond klei merk stop druk sproed haast speel zwerg zacht smoes pont zwaai grijns korst flauw taart spons blik trots kluis minst pomp wacht punt zwak broek frons bloei graat koos wand plooi licht kers krent
4250117,kaart3A, opa rekening stralend fruitwild mors morgenochtend aanzienlijk lichaamsdeel complex lawaaierig uitsterf stiefzus kijkcijfer minimaal tuinhek sterrenhemel briljant koker hengel vervogel opzettelijk nietsmachine ondanks wijsvingervinger natuurla attenti racefiets mineraal soeplepel postings beroemd lineaal afbeesten export honderd populair verkeer rietje hartelijk busmaat happy neushoorn herheiling winkelwagen krist staafdingerham rijstveld auto
4250204,kaart1A, ijs boom teun rek riet zout paal kauw net puur bak lijn min juik mauw boor veen wolk raam den bas koel dom nek neel boot zee kier zoen pin dol gras men oom zee duif raak piep rijn doos lijker tram hank rug eerkeur gras
4250204,kaart2A, klaar wen schriep stomp langs draf klont dram darm sneu storm storm krijt graag strikt strikt film graal snut snuit voort voort triest triest krans krans inkt inkt slak naast grint slurf troep blij ont mast glad ern ernaast voort stuurt stuurt arm
4250204,kaart3A, opa reken ik straalend fruitteelt morgenochtend aanzienlijk lichaam stil somplex lawaairig uit rest stiefzusje kijk cijfer minimaal tuinhek sterrenhemel briljant koker hengel verschoon vergooi vervolgens vervolgens vervolgens
4250205,kaart1A, ijspoten rekken zoutpaal kaal net puur bak lijn min jeuk mouw bor veen koel wok raam den baas koel dom nek meel boot zee kier zoen pin dol gaas men oom zeep duif raar piep rijn doost luik ram haak rug eer keur gas puil rijk zuur duig kip uil zul riem bot pan leeg rijp hal wijs boog vee rauw hik taal hees dak sjaus jauw heus rot oen tas duik laan dol doof taak vet zijn nood lies kat lui reus nier gek raak wijs geel rook lol geit zes boer buit bees kei vuur hap dik vier kous vaas pup roes gaap ree mat bal zoon lauw os gaaf biet maag
4250205,kaart2A, klaar wens griep stomp langs straf klont darm sneu stroop krijgt kraag strikt film schanaal snuit voort triest krans inkt slak naast gerind slurp troep blije pols mast glad ernst vlot stunt arm brief speel bril troos plus minst balk dwijl rond klei merk stop druk sploed haast speels dwerg zacht smoesje bond zwaai grijns korst flauw taart spons blik trots kluis minst pomp vacht punt zwak broek front bloei kracht kort wand plooi licht kerst krent proefster kruid pracht 12 sla wild kaf paard spreeuw winst blok stier sneul herfst paard reet
4250205,kaart3A, opa rekeningstralend fruitsteelt morgenochtend aanzienlijk lichaamsdeel complex lawaaierig uiterust stiefjes kijkcijfer minimaaltuinhek sterrenhemel briljant koker hengelvervolgens opzettelijk niet machine ondanks wijswinnaar natuurtalent racefiets mineraal soepel botsing beroemd lineaal alfabet export honderd populair verkeerd rietje hartelijk maatschappij neushoorn herhaling winkelwagen kritisch
4250211,kaart1A, ijsboondunnigrekrietzoutpaalkuilnetpuurbakbaklijminjeukmauwboerveenkoolwolkraamdenbaaskooldomnekmeelbootszeekierzoenpindelgaasmenoomzeepdijfraarbieprijndoosluikramhaakrugeerkuurgaspuulrijksuurtug kipelzorriembotpanlegrijphalwijsboogvhrauwiktaalheesdaksausjauwheusrotoentasduiklaantoldoftaakvitzijnootlieskatluireuseneergekraakbijtgeel rookloggeitzespoorbuitbeestijfuurhoog
4250211,kaart2A, wens griep stomp langs draf klomp darm sneeuw stroop krijt graag strik film schaal snuit voort triest krant inkt slak naast grint sleur troep blei pols mat grats ernst vlot tun arm brief spreeuw bril troost plus mist balk dwel rond klep klein merk stop druk sproed haast speels dwerg zacht smoes bond zwaai grijns korts vlauw taart spons blik trots kluit minst pomp wachtpunt zwak broek frons ploei gracht korts wand ploei licht kerst krent proef ster kruid pracht twaalf sla wild kraf paard speer winst blok stierk
4250211,kaart3A, opa rekening stralend fruitteelt morgensnochtend aanzienlijk lichaam stil complex lawaaiig uiterst stiefzus kijkcijfers minimaal tuin hek sterrenhemel briljant koker hengel vervolgens opzettelijk niet machine ondanks wijsvinger natuurlijk talent attentie racefiets mineraal soepel botsing beroemd lineaal alfabetisch export honderd populair verkeerd grietje hartelijk bus maatschappij neushoorn herhaling winkelwagen quiz schaart diagram reisveld autorit prima stedelijk
4260104,kaart1A, ijs boom dun drek riet zout paal kuil net puur bak lijn min jeuk mouw bor veen koe wok raam den baas koe dom neck mil boot zeef kier zoen pindol gaas men oom zeef duif raar piep rijn doos luik ram haak rug eer keur gas peur pool rijk zuur teuf kip uil zool riem bot pan leg krijp hal wijs boog wee rauw hik taal hees dak saus jauw heus rot oen tos
4260104,kaart2A, klaar wensen riep stomp langs dat draf klont dram sneeuw stroop krijt graag snikt strikt film schrauw snuit fort tries krans inkt slak naas grit slurf troep blij plons mast klat ernst vlot stunt arm brief spreeuw brul troost plus mist balk dwel rond klei merk stop druw druk sproet haast speels dwerg zacht smoes bond zwaai grijs
4260104,kaart3A, opa rekening stralend fruit fruitteelt morgenochtend aanzienlijk lichaamsdeel complex lawaairig uit de terst stiefzus kijkcijfer minimaal tuinhek sterrenhemel briljant kokker hengel vervolgend opzettelijk niet machine ondanks wijsvinger natuurtalent actie racefiets miniraal soepel botsing beroemd lineaal alfabetisch export honderden populairden verkeerd rietje hartelijk busmaatschappij
4260106,kaart1A, ijsboom dun rek riet zout paal kuil net puur bak lijn min jeuk maal bor veen koe volk graan den baas koe dom nek meel boot zee keer zoen pindel gaas men oom zeep duif raar piep brein doos lijk raam haak rug eer keur gaas pijl rijk zuur teug kip erzol riem boot pan leeg rijp haal wijs boog veen rauw hik taal hees dak saus jauw haus rot oen tas puik laan tol doof taak vit zijn nood lies kat luier reus neer gek raar bijt giel
4260106,kaart2A, klaar wens griep stomp langs straaf klont darm neus troop krijt graag strikt film schaal snuit voort ries kans in slak naast gins lucht troep blij pols mast glad ergst vlot stunt arm brief spreeuw bebreuw troost plus mist bal twijl rond klei merk stop druk sproed haas pijls twerg zacht smoes ton zwijg grijs borst korst flauw taart spons blik trots kluis pins pomp vachtpunt zwak broek broekfons bloei graag korst wand
4260106,kaart3A, opa rekenen stralen het fruit heelt morgenochtend aanzienlijk lichaam stil complex lawaaierig uitsterfstiefse kijkcijfers minimaal tuinhek sterrenhemel briljant koker hengel vervolgens opzettelijk niet machine ondanks wijsvingen natuurtuin authentisch rijken fiets racefiets generaal soepel botsing beroemd lineaal afstaanbied export honderd populair verkeerd rietje hartelijk busbaarschapperij naneushorn verhaling winkelwagen kritisch strafdiagram reistveld autorit primaal stedelijk duwen helling aardbras
4260107,kaart1A, ijsboomdunrekfietsuitpaalkuilnetpuurbaklijnminjeukmaalborveenkoolwokraamdenbaaskooldonnekmilbootzekeerzonzoenpindolgaasmenoomzeepduivraarpieprijndozelijk luik ramhaakrug eer kuur kuurgaspeel rijkszuur turug kip el zol riem bot pan leeg rijp hal wijs hoog vee raal hik taal hees
4260107,kaart2A, klaarwens griep stomp langs straf klont dram snit snu stroop krijt graag strikt film schraal snuit vor fort triest krans inkt slak naast grint slurf troep blij pols mast glat ernst vlot plot stunt aan drief spreeuw beul brul troost puls mist blak dwijl rond klein merk stop deur druk
4260107,kaart3A, opa rekening stralend fruitteelt morgenochtend aanzienlijk lichaam stil complex laagweierig uiterste stiefzus kijkcijfers minimaal tuinhek sternhemel briljant koker hengel vervolgens opzettelijk niet machine ondanks wijsvinger natuur talent atentie racifist mineraal soepel botsing beroept roet
4260113,kaart1A, ijsboon dun rek niet rit zout paal krul net puur bak lijn min jeuk mouw boor veen veen koe wolk raam den baas kool dom neck meel boot gaas men oom zeep duif raar piep rijk doos luik ram haak rug eer puur gas pleu peel rijk zuur terug kip el zol riem boot pan leg rijk zol gag raam hik jaa boos wal wou bij boos wal boos wal boos wou boos wal boos wal wal boos wal wal wal boos wal wal wal
4260113,kaart2A, klaar wens griep stom langd draf klom drang sneu stroop kruid graag strik veon schaal snuit vervorst triest krans inkt slak naast grind slurf troep plei plot mast glad ernst flot steen arm brief spreeuw beul getroost plus minst bak balk dwel grot klei merk stop druk sproed haast speels dwerg
4260113,kaart3A, opa rekent stralend fluitdeel morgenochtend aanzienlijk lichaamsdeel complex lawaaierig uiterst stiefsus kijkcijfers minimaal tuinhek sterrenhemel briljant koker hengel vervogels vervolgens opzettelijk nietsmachine ondanks wijsvinger naturale 18
4260114,kaart1A, ijs boom blum lek riet zout paal karrel net puur bal lijm mien jeuk mauw dorp veen poel rook zaan bes baas koel tom nek melk boot zee kiet zoen pin dol gaas mes hen oom zee duif raar piep wen deus luik laam haak rug eer kuur gas bel rijk zuur teeg kip elzo wien bot pan licht diep hij wijs poel veel loo hik taal hens dak saus joel
4260114,kaart2A, klaar wens griep stomp langs drap af klont daarn sneeuw stroop kwijt graag strikt film schraal snuit voort striet klans inkt slank naast gewind sluur troep lij poos mats glats inkt vlot stunt aard berief spreeuw belui stroos beluis mist balk drel rond glij merk stop tereik sproed haast speels
4260114,kaart3A, vandaag rekeningskraanlijn verduidelijk morgenochtend aanzienlijk lichaamsdeel complex leiderring uiterst stiefzus kijkenvers minima tuinhek sterrenhemel briljant koker hengel vervolgens opzittelijk niet mag tenen ondanks reisverzinner natuurtalent afteleltje lasfiets mineraal soep
4260115,kaart1A, ijsboom dunrek riet zout paal kruil net puur bak lijn min jeuk mouw bor veen koe wolk raam den baas koe don nek mil boot zee kier zoen pindol gaas men oom zeep duif haar piep grijn doos luik raam haak rug eer keur gas peul rijk zuur terug kip uil zoel riem bot pan leeg rijp hal wijst poog vee rauw hiek touw hees dak saus jauw heus rot
4260115,kaart2A, klaar wens riep stomp langs draf klonk daan sneus strook krijt kraag strik film schaal snuit vorm kries kras ink slak naast grint slurf troep blaai bos mast glas erst flot stunt arm brief schreeuw brul troost plus mist bak dwijl rond klei merk stop druk sproed haast speels dwerg zacht smoes bond zwaai grijns korst flauw taart spons blik trots kluis minst pomp zacht pont zwak broek vonst bloei gegracht koot wand plooi licht ergst krent
4260115,kaart3A, opa rekening talent fruitdeelt morgenochtend aanzienlijk lichaamsdeel complex lawerig uitderst stiefdus kijkserfers miniamaal tuinheks sterrenhemel briljant kokerhemel vervolgers opzettelijk nietmachinen ondanks wijsvinger natuurtalent actie racefiets miniaal soepel botsing beroemd indiaal afbex export honderd honderd populaar verkeerde rietje hardelijk pismaatschappij neusgewoonherhaling
4410104,kaart1A, ice bone dune wreck reed salt pale coal net pure buck line min yoke mow boar boar vein cool wok ram den bass cool dom neck male boat say keer soon pin do gas man om zeep dove raar piep rein doos luik ram haak rug eer keur gas peul reik zuur tru tur kik el zoel zoel rim bot bot pan neef reip hal wijs boch vee rauw heek taal hees dak staus jauw heus rot
4410104,kaart2A, vlaar wens schiep stomp langs draf klont dan sneu stroop krijt graag strikt film schaal snuit fort triest krans inkt slak naast gint slurf troep blij pols mast glad engst lot steunt arm brief spreeuw prul trots blus mist balk twijl rond klein merk stomp druk sproets haast speels dwerg zacht moes smoes bond zwaai grijns korst vlauw tra
4410104,kaart3A, opa rekening stralend fruitdeelt morgenochtend aanzienlijk lichaamsdeel complex lawaaierig uiterst stiefzus kijkcijfers minimaal tuinhek sterren hemel briljant koker hengel vervolgens opzettelijk nietmachine ondanks wijsvinger natuurtalen actien racefiets mineraal soepel botsing
4410107,kaart1A, ijsboom doen rijksgids zou bakken het vuurbak lijn mijn jeugd mouwboer vinkoe rokraam den baas koeldom mekmel mel bootseker zoen pindoren mijn oom zeep duifraar piep rijntoos lijk raam hakeren eer kerk kerk gaspel rij zuur teug kip uil zol ruim boot bad pan licht rijp haal wijs boog wil wou hiktal hees dak saus jouw huis wordt een
4410107,kaart2A, klarenwens schriep stonden langs de klont klont hoe snel is het droog krijt graagst strikt film schaal schaal snuit frots trits kraans inslag naast grinsleur troep blije pols maast glad ernst vol stond arm brief schreeuw brul troost plus mist balk duwen rond klein merk stop druk sproed haast speelt dwerg zacht smoes pont zwaai graag graag koorst flauw taart spons
4410107,kaart3A, opa rekening starten vasten mochten aanzien gelijk lichaamsdeel complex lijkt aap aap aap aap aap aap aap aap aap aap aap koker hemel ga maar verder bij tien daar was je probeer het maar gewoon ik kan niet tellen uiter daar uiter daar niet machine niet machine om dankzij wijsvingers natuurlijk ook serieus meerhouden te maken
4410207,kaart1A, ice bone tun rec reed salt pal ka ka kel net pur bak lime min jeuk mau bor veen koe wok raan den ba baas koe dom nek meel bot zee keer zoon pin dool gaas men om zeep duif raar piep rijs doos luik raam haak rus rug heer kuur gras peul rijk zuur teug kip uil zool riem bot pan leeg rijm hal wij wijs boom boom
4410207,kaart2A, klaar wens riep stonk langs draf klonk draam sneeuw stroop krijgt graag strikt film schaar schraal snuit vocht trier riep krans inkt slang slak naakt naast grenk sluur stroep blij polst mast glad eerst vlot stunt brief spreeuw
4410207,kaart3A, opa rekeningstralend vervaltijd mogenochtend aanzienlijk lichaamsdeel complex lawaaierig uitgerust stiefjes kijkcijfers minimaal tuinhek stering hemper breil jand koker hennel vervolgens opzet zerg lijk niep machine ontdengs wijfvinger natuurtalenten
4410222,kaart1A, ijsboom dun riet zout paal kou net puur pak lijn win jeuk mouw boor veen koe wok raam den baas koel dom nek meer boot zee kier zoen pindel gras men oom zeep duif raag piep wijn doos luik ram haak rug eer keur gras beul rijk zuur teur kip uil zool riem pot pan leeg grijp hal wijs boog vee rouw heet taal hees dak saus jouw neus schot oer net
4410222,kaart2A, klaar wens griep stom langs eraf klont duim sneeuw stroom kruid graag strik film schuil snuit woord triest krans inkt slak naast grend slurf troep blij pols mast glad ernst vlot stent am brief spreeuw brul troost plus minst balik twijl rond klei merk stop druk sproeit haast spelers dwerg zacht smoes bond zwaai grijs korst flauw taart spond blik kot kluist
4410222,kaart3A, opa rikkie stralend fluitend morgenochtend aanzienlijk lichaam stil complex lawaaierig uitgerust stiefzus kijkcijfers minimaal tuinhek sterrenhemel briljant koker hengel vervolgens opzettelijk niet machine ondanks wijsvingen natuurlend natuurlend alternatief grijsfiets minder raar soepel botsing beroemd lineaal alfabetisch export honderdig populair verkeerd ruudjehartelijk busmaatschappij
5010101,kaart1B, drie vier zee nek was meel dom zoen boot denk koel biet schaaf bal zoon pier lauw bes maag os mat rook bij bijt geel kei boor geit zes lol buit spees vier hapt kaus roet roes up vaas dik revier gaap boog wijs rauw taal hees val hee vee hik saus dak rug haak luik eul wijk gas eer doos ram kuur zee raak duif men doel uur oom rijn lijn gaas hoek lijn mauw raak ram geit
5010101,kaart2B, blok speer twaalf winst kalf paard sla stier pracht wild schroef gok melk staart zelfgraan derk stuurt maus bleek held sneeuwbraan sterk plat herfst prins veer snee bord kerk gracht ster koord plooi kruid licht krent wand proef schaats vreemd gram klunt trooi drip toets draai hulp knaps knap haat melk twijel rond speels druk klei stopt dwerg sproet blond vloer stank glimt straf tint gras snoer beeld graai langs grip sneeuw darm stroop wenst klont stromp klaart
5010101,kaart3B, neushoorns liedje verkeerd alfabetisch exports lineaal hartelijk bus maatschappentijd populair honderdcomplex stralend rekening morgenochtend lawaaierig uiterstuk fruit fruitteel aanzienlijk lichaamsteel opa kanaal beloning verdedigende verzinnen in de lijk verrasterd veranderend aardgascompleet vogelspin boxer temperatuur klimaat natuurtalent botsing nietgoed zien miniraal racefiets actrice soepel onthans wijflingen beroemd kaasrecht proeven reisfiets absoluut instappen instapkaart tweeling voetbal
5010110,kaart1B, kierzee nekkebaas meel dom zoen bo denk koel koel biet gaaf bal zoon pier blauw blauw bes maag os mat rook bijt geel keijer bor geit zes loop buit bees vier hap kaus roes pup vaas dik ree vuur gaap boog bijs rautal hees haal vee hik saus dak rug haak luik luik puil hoel rijk gas eer doos ran kuur zeep zeeperaar duif men dom
5010110,kaart2B, blok spier twaal winst kaft paard sla stier praag teweel schroef grof melkstaart zelfgraan kerk stuurs maals bleek hel sneeuw braam sterk plat hersen pins verf snee bord kerst gracht ster kort plooi kruid licht krent wand proef schaats vreemd gram klut troon strip toets draai gehu hulp knap haas melk teweel rond spils druk draai stop
5010110,kaart3B, neushoornrietje verkeerd alfabetisch export lineaal hartelijk bus maatschappij hiphop populair honderd complex stralend rekening morgenochtend lawaai uiterst fruit deelt aanzienlijk lichaamsdeel opa kanaal beloning zindelijk veranderend aardgascompleet volgenspunt bokser thee
5010114,kaart1B, kier zee nek paas meel dom zoen boot den koel biet gaaf bal zoon pier lauw wes maag os mat rook bijt geel kei poor geit zes rol bijt beest vier hap kaus roep roes pup vaas dik ree vuur schaap boog wijs rouw touw hees hal vee hik sjaus dak rug haak luik pil rijk gas eer doos ram keur zee raar duif men
5010114,kaart2B, blok speer twaalf win winst kalf paard sla stier pracht wild schroef grof melk staart zelfs graan kerk stuurs mals bleek held sneeuw praan sterk plat herfst prins verf snee boord kers graacht ster korst plooi kruid licht keer krent wand proef schaats vreemd gram plutsch
5010114,kaart3B, neushoorn rietje verkeerd alfabet alfabetisch export lineaal hartelijk busmaatschappij populair honderd complex stralend rekening morgenochtend lawaaierig uiterst fruitdeelt aanzienlijk lichaamsdeel opa kanaal beloning zindelijk veranderen aardgas compleet vogelspin bokser temperatuur klimaat natuurtalent botsing niet machine mineraal reisviet
5060102,kaart1B, kerzeenek basmeel don zoen boten koop biet gaaf bal zoen peer lauw bes maag oos mat rook bijt geel kei poor poor geit zes lo buit bees weer hap keus roes bub waas stik re buur gaap bo wijs rauw taal hees ha haw wee hik zalzen dak rug haak leuk peel rijk gas eerdorp
5060102,kaart2B, blok speer twaalf winst kaft paard sla stier pracht wild schroef grof melk staart zelfs graan kerk stuur semaal spleek held sneeuw graan raam sterk plat herfst prins werf snee boord kers gedacht ster kort plooi kruid licht krent wans groef schatst vriend gramme kleutst tronstrip toets draai hulp knap haast merp dwaal rond speels druk klei stop dwerg sproed blond veer vleur
5060102,kaart3B, neushoorn rietje verkeerd alfabetisch export lineaal hartelijk busmaatschappij populair honderd complex stralend rekening morgenochtend lawaaierig uiterst fruiteld aanzienlijk lichaamsteel opa kanaal beloning zindelijk verraderen aardgas compleet vogelspin bokser temperatuur klimaat natuurtalent botsing niet machine
5060104,kaart1B, heres a neck bath meal dont you know its the end cool a beat have a ball zone beer loud betchmark ass mutt croak bite gill kite porr porr kite lizards little birds bees fear hop cows goose pup vase duck grave ur grab bog wise row towel haze haw wee hick souse duck hue rug hack leuk pearl reik grass air dose ram cure zebra calf man doe peep om grine gas pint rook line mal ham leuk win cool bark a beater a board hose well um toss hot yo dough tac tac tac duck toe
5060104,kaart2B, luxpertoire wieskopf paarsla stierpacht grashoofd schroefhoofd melkstaart zalmsegerijkerk sturzmans bleek houtsturm brabant sterkplat herfstpunt verversneeuwbord kers asgeracht sterrkorts blooie kruid lichtkrat hansen groverstraat sprengt geram kluts vertrouwensstrip toets draaien verhoop knap haastenmerk twijl rond speels druk kleistop dwergsbroed bloedvoer mondvoer stank glimp straf tint zit gehast snoer beeld graat langsgriep sterredaar stroefwens groonstomp klaardraaf wisswaard
5060104,kaart3B, nu is het gewoon netjes verkeerd alfabetisch ik sport lineaal hartelijk met busmaatschappij populair honderd complex traagend gekening morgenochtend geweld lauweieren uiterst grootdeel aanzienlijk lichaamsdeel opa kanaal belonging zindelijk veranderen aardgas compleet vogels spinnenboksen temperatuur klimaat natuurtalent potsing neefmachine middenhaal geefpiets attentie soepel nans ha wijsvinger baron kaartrecht proeven reisgids absoluut instapkaart vereniging voetbal binnenwand aardblok boekland ganingswerken prima stedelijk winkelwagen reisveld herhaling kutjes autohut herhaling stafdierval duo weerswoog
5060106,kaart1B, kees zee nek baas meel donk zoen boot den koel biet gaaf bal zoon pier lauw bes maag os mat rook bijt geel kei poor geit zes lol buit beest vier hap kaus roes pup vaas dik ree vuur gaap boog wijs rauw dauw hees hal vee hek zaas dak rug haak luik pil rijk gas eer doos ram kuur zeep raar duif men dol piep oom rijn gaas pin wolk lijp maal raam jeuk min koel bak vee door heus laan oen tas rot jauw doof daak duik
5060106,kaart2B, blok speer twaalf winst kast spaart slaat stier pracht wil schroef grof melk staart zels graan kerk stoers mas bleek held snel braam sterk plat herfst prins verf snee bord kers gracht ster kort plooi kortst plooi kruid licht krent vond proef schaats vreemd gram kluts trood strip toets draai hulp knap haast merk dwaar horond spuls druk klei stop dwerg sproed blond vloer sank glimp straf tent gast snoer beeld graaf langs griep sneeuw darm stroop wens klont stomp klaar draf wart proos fruit sterk baas grof
5060106,kaart3B, nuis van rietje verkeerd alfabetische export lineaal hartelijk busmaatschappij populair honderd complex stralend rekening morgenochtend lawaaierig lawaaierig uiterst fruitteelt aanzienlijk lichaamsdeel opakanaal belonen licht zindelijk veranderen aardgas compleet volgospin boksertemperatuur klimaat natuurtalent bossing niet machine mini araal reeffiets attentie soepel ondanks wijvinger beroemd kaarsrecht proeven reisgids absoluut instapkaart tweeling voetbal
5060111,kaart1B, kier kier zee nijk baas meel don zoen bot ten koel wiet gaaf bal zoon pier luil bes maag kos mat rook bijt giel kaai poor geit zes lol buit pees vuur hap kous loer pup vaas dik ree vuur gaaf boog wijs rauw taal hees halve hik saus tak rug haak luik pul pul rijk gas gas eer doos ram puur zeep raar duik men dol piep ont en gaas pin wok lijn waal raam heuk min koel bak heen boor heus laan ont tas rot jouw doof taak duik duik tol kies boeg kies boeg lap vol zeer buien lek vies kaal beek en roof deun bier voet bar hol bouw euk hetereus kat laar geit nis
5060111,kaart2B, blok speer touw wind kast paard sla steer pracht wild schreef schroef grof melk staart zas gerand kerk stuurs mal bleek held sneeuw braam sterk plat hefst prins zwerf snee bord kers gracht ster korts plooi kruid licht krent wang proef schaats flink glam kluts troon strip toets draai hulp knap haast merk dweil rondspeels druk klui stop dwergsbloed blond vloer stank glimp straf tint gast snoer beeld graad langs schriep sneeuw darm stroop venst klont stomps klaar draf zwart proost vrouwt streng baas krab spoor nieuws blaar bocht krijts grauw triest graag strik krant inkt voort film snij troost brul sprul plus arm brief mist balk steunt vlot blaai mast grint slaktroep ernst pols naast glad scherf hart sluus plant kort plein strik groet schurk draai laatst vondst
5060111,kaart3B, deze liedje verkeert af en weet je ik sport lineaal hardtelen busmaatschappij populaire honderd complex straande rekening moog auton lawaai uitrustend verdrietig aanzindelijk lichaamsdeel opa kanaal doe maar iets rustiger zindelijk veranderen aardgas compleet vogelspin boksen temperatuur klimaat natuurtalent botsing niet magine mineraal racefiets attentie soepel onlangswijsvinger beroemd kaarsrecht proeven reisgids absoluut instapkaart tweeling voetbal binnenband aardappel plant reddingsmedewerker prima stedelijk bunkerwagen rijstveld herhaling kritisch activiteit autorit heling staafdiagram doen onderweerswolk neutraal stapkamer de rommel persikon voedingsstoffen klotpapier kruispunt bureau zojuist buurtbewoners duizendpoot clubhuis verdrag kwartiercentimeter ieder voorlopig kanshebber bestaan kompoel stoop zijdag muziekant werkplek schuldig parkeerterrein oorlog school vakantie buitenhobby mentaliteit glanswerk kennis botsing
5060115,kaart1B,
5060115,kaart2B, blok speur twaalf wind kaf paard slaat stier pracht wild schroef golf melk staart zel graan kerk trus maas bleek held zweel drak blad heer licht pens vijf sneeuw brood graan kerst kracht ster korst bloer fruit licht krent wand broer schaats vreemd ram kreus droom stip toet draai hulp knap haast mei dwaai rond speel druk klei stof twaers troep blond vloer stam glip draf ten gast sneur bleed kaart langs licht groep sneeuw droom stroop wind schrond stomp klaar draf zwart proos vrijs ten
5060115,kaart3B, er is een rietje verkeerd alfabetisch export exportlinieën hartellen busmaatschappij busmaatschappij populair honderden koopplek starttelend rekening morgenochtend lawaai uit de rust fruit telt aanzienlijk lichaamsdeel opa kadaal beloning ziendelijk veranderen aardgascompleet hooghospital boxer temperatuur klimaat natuurtalent krietsing niet magische mineraal hefastiet reisfiets antenne thee soepel donkers wijsvinger
5200104,kaart1B, kier zee nek baas meel don zoen boot den koel biet gaaf bal zoon pier lauw bes maag os mat rook bijt geel kei poor geit zes lol bijt pees vier hap kous roes pup vaas dik ree vuur gaap boog wijs rauw taal hees hal vee hik saus dak rug haak luik pul rijk gas eer doos ram keur zeep raar duif men dol pier oom rijn gaas pin wok lijn mouw raam jeuk min koe bak veen boor heus laan oen tas rot jauw doof taak
5200104,kaart2B, blok speer twaalf winst kalf paard sla stier pracht wild schroef grof melk staart zelf graan kerk stuurt stuurs mals bleek held sneeuw braam sterk plat herfst prins verf snee bord kers gracht ster korst plooi kruid licht krent wand proef schaats vreemd gram kluts troon strip toets draai hulp knap haast merk dwijl rond speels druk klaai stop dwerg sproet blond vloer stank glimp straf tint gast snoer beeld graat langs
5200104,kaart3B, neus voor een rietje verkeerd export lineaal hartelijk busmaatschappij populair honderds complex stralend rekening morgenochtend lawaairig uitterst fruit teelt aanzienlijk lichaam stil opa kanaal beloning ziendelijk veranderen aardig de gas compleet vogelspin bokser temperatuur klimaat natuurtalent botsing niet machine mineraal racefiets attentie soepel ondanks wijsvinger de roentgen kraa kaars
5200105,kaart1B, keer zee nek baas meel dom zoen boot den koel biet gaaf bal zoon pier lauw bes maag os mat rook bijt geel kei vor geit zes lol buiten beest vier hap kaus roes pub vaas dik ree vuur gaap boog wijs grauw staal hees hal vee ik zels dak vrucht haak luik beul rijk
5200105,kaart2B, blok speer twaalf winst kaft paard slaap stier pracht wild schroef grof melk taart zelfs graan kerk stuur mals leek held sneeuw braam sterk blad herfst brin vers sneeuw snees bord kerst gracht ster korst plooi kruid licht krent wand proef schaats vreemd graam klust
5200105,kaart3B, neushoorn riet verkeer alfabet export lineaal hartelijk busmaatschap populair honderd explele stralen rekening morgenochtend lawaaierig uitserster fruiteel aanzienlijk lichaamsdoel opa kanaal beloning zindelijk verandering aardgas compleet vogelspin bokser temperatuur klimaat natuurtalent botsing niet machine mineraal racefiets atletiek soepel onthanks pijsvinger beroep kaars stengel proeven
5200113,kaart1B, kier zee nek paas meel dom zoen boot den koel biet gaaf bal zoon pier lauw bes maag os mat rook bijt geel kaai bor gruit zes lol puit bees vier hap kaus oos bub baas dik ree vuur gaaf boog wijs raam taal hees al vee hik saus dak rug haak lauw luik puin rijk gas eer doos ram kuur zeep raar duif men dol piep oom rijn gaas ping boek lijn mouw raam heug
5200113,kaart2B, blok speer twaalf wind kalf paard sla stier pracht wild schroef grof melk staart zelfs graan kerk stuurs mouse bleek held sneeuw braam sterk blad herfst prins verf snee bord kers gracht ster kort kruid licht krent wand hoef schaats vriend gang klus troon strip doet draai hulp knap haast melk dweil rond speels druk klei stop dwerg spoorwit blond vloer
5200113,kaart3B, neushoorn rietje verkeerd alfabetisch export lineaal hartelijk beursmaatschappij populair handig complex stralend rekening morgenochtend lawaaire uit fruit deel deelt aanzienlijk lichaamsdeel opa kanaal beloning zin zinnelijk veranderen aardgas compleet vol spin boksen temperatuur klimaat natuurtalent botsing niet machine mineraal racefiets attentie soepel ondanks wijsvinger perron kaarsrecht proeven reisgids absoluut instapkaart
5200118,kaart1B, gier zee nek baas meel don zoen boot den koel biet gaaf bal zoon pier lauw bes maag os mat rook bijt geel klei poor geit zes lol buit beest vier hap kaus roes pup vaas dik rijk vuur gaap boos wijs gro taal hees hal vee hik saus dak rug haak luik peul rijk gas eer doos ram kuur zeem raar duif men dol piep oom hap rijn
5200118,kaart2B, blok speer twaalf winst kaft paard sla stier pracht wild schroef grof melk staart zels graan kerk stuurs mals bleek hilt sneeuw braan sterk blad herst prins verf snee brood kers gracht ster koorts blooi kruid licht kerk kern warn wand broef schaats vreemd gram klutsch troon streep doetsch draai loep
5200118,kaart3B, neushoorn rietje verkeerd alfabetisch export lineaal hartelijk maatschappelijk populair honderd complex stralend rekening morgenochtend zwalig uiterst fruitelijk aanzienlijk lichaamsdeel opa kanaal beloning zindelijk veranderd aardgas compleet vogelspin boxer temperatuur klimaat natuurtalent bossing lietse machine mineraal racefiets attentie soepel ondanks
5200201,kaart1B, kier zee nek vaas meel tom zoen boot den koel biet gaaf bal zoon bier lauw bes maag os mat rook bijt heel kei poor geit zes lol buit pees vier hap kaus roep pup vaas dik ree vuur gaap boog wijs rouw tal hees hal vee hik saus dak rug haak luik pael rijk gas eer doos ram kuur zeep raar duif men doel piep oom rijn gaas spin bok lijn mouwen raam jeuk min
5200201,kaart2B, blok speer twaalf winst kaft paard slaaf stier pracht wild schroef grof melk staart zelfs graan kerk stuur smals bleek held sneeuw braam sterk blad herfst prins verf snee bord kerst kracht gracht ster korts blooi kruid licht krent wand proef schaats vreemd gram klutst droom strip toetst draai hulp knap haast merk dwel rond speels druk klei stop dwerg sproed blond floor stank glimp straf tint gast snoer beeld graaf langs grief
5200201,kaart3B, neushoorn rietje verkeerd alfabetisch export lineal hartelijk busmaatschappij populair honderd complex stralend rekening morgenochtend lawaaierig uiterst fruitteelt aanzienlijk lichaamsdeel opa kanaal beloning zindelijk veranderend aardgas compleet vogelspin bokser temperatuur klimaat natuurtalent botsing mietmachine mineraal racefiets attentie soepel ondanks wijsvinger beroemd kaarsrecht proeven reisgids absoluut instapkaart tweeling voetbal binnen pand
5200211,kaart1B, gap boog wijs rouw taal hees haal vee hek zuis tak rug haal haak luik peul rijk gas eer doos ram kuur zebra duif men dol piep oom rijn gaspin rook lijn mouw
5200211,kaart2B, blok speer twaalf winst kracht paard sla stier bracht wild schroef grof melk staart zelfs graan kerk stuurs maas bleek held sneeuw bruin sterf blad herfst prins verf sneeuw bord kers kracht sterf koorts klooi kruid licht krent wand proef schaats vreemd gram kluts troon strip toets draai hulp knoop haast merk dwel rond speel druk klaai stopp zwerg sproet dond vloer stank glimp straf tint gast snoer beeld
5200211,kaart3B, nu zon rietje verkeerd alfabetisch export lineaal hartelijk bus maatschappij populair honderd complex stralend rekening morgenochtend lawaairecht uit nest vrouwtild aanzienlijk lichaamsdeel opa kanaal beloning zindelijk veranderen aardgas compleet vogelspin bokser temperatuur klimaat natuurtalent botsing nietmachine mineraal racefiets attentie soepel ondanks wijsvinger beroemd kaarsenaart proeven reisgids absoluut instapkaart tweeling voetbal binnenland aardappel plant
5200212,kaart1B, akeer zee nek baas meel dom zoen bot den koel biet gaaf bal zoen pier lauw bes maag os mat roep bijt geel kijk boor geit geit zes lol buit bees vier hap kous roes pup vaas dik ree vuur gaaf bot roeg wijs rouw touw hees houw vee hik zout dak rug haak luik uul rijk gas heer doos ram keur zeep raar duif mendel piep omer rien gaas pin wok lijn mauw ram juik min koel bak veen boor
5200212,kaart2B, blok speer twaalf winst kaft paard slaar stier pracht wild schroef grof melk staart sels graan kerk stuurs mals bleek held sneeuw bram sterk plat herfst prins verf steen poort kers kersgracht ster koorst looi kruid licht krent wand proef schaats vreemd graan kluts troon strip toets draai hulp knak haast merk dwel rond speels druk kei klei stoep dwerg sproed ploont vroeg
5200212,kaart3B, neushoorn rietje verkeerd alfabetisch export lineaal hartelijk busmaatschappij populair honderd complex stralend rekening morgenochtend lawaairig uitterst fruitdeelt aanzienlijk lichaamsdeel opa kanaal beloning zindelijk veranderen aardgas compleet vogelspin bokser temperatuur klimaat natuurtalent botsing niet machine mineraal racefiets atentie soeplepel ondanks wijsvinger beroemd kaarsrecht proef reisgids absoluut instapkaart tweeling voetbal
5200213,kaart1B, kier zee nek baas meel dom zoen poten dendel biet gaaf pauw zoon pier blauw bes maag os mat rook breid geel kijk bor geit zes lol buitenbeest vier hap kous roes pup vaas krik veen vuur gaap poog wijs rouw taal bes halveen hik zoos dak rug haak luil puil rijk gas eer doos ram keur zeer raar duif men doof piep om rijn gaas pin spook lijden
5200213,kaart2B, blok speer twaalf winst kalf paard slaar stier pracht wild schroef grof melk taart zels graan kern stuurs mouse bleek held sneeuw braam sterk plat heerst prins verf snee bord kerst geracht sterk kort plooi kruid licht gerend wand grof schaats vreemd gram kluts stroom strip toets draai hulp knap haast merk dwel rond speels druk klein stop dwerg sproet rond
5200213,kaart3B, nu zon liedje verkeerd alfabetisch export lineaal hartelijk busmaatschappij populair honderd complex stralend rekening morgenochtend lawaairig uiterst fruit teelt aanzienlijk lichaamsdeel open kanaal verloding zienlijk veranderingen aardgas compleet vogelspin boxer temperatuur klimaat natuurtalent bos botsing lietmachine
5200216,kaart1B, kier zee nek blaas loon bloem loon boot den koel wiet gaaf bal zoon speer lauw west maag os mat rook rook bijs geel kei poor geit zes lol buit pees vier hap koud roes pup vaas dik ree vuur gaaf boog wijs rauw tal hees hal vee hik zausdak rug haag luik bel rijk gast eer doos ram vuur zeep haar duis men boel fiets
5200216,kaart2B, blok speer tal winst koop paard sla stier kracht wild schoof hoofd melk staart bezelf kraan kerk stuurs mas leeg held sneeuw raam sterk blad herfst kunst verf sneeuw boord kerst kracht steenkoert plooi kruid licht kind land proef schaats vriend ram kunst troon trip toets draai hulp knap kaats
5200216,kaart3B, nu voor een rietje verkeerd alfabetisch export neem je al hartelijk beuzemaat schat bij een populaire honderd complex stralend rekening morgenochtend lawaaiig en thurst voor een riet aanzienlijk lichaamsdeel opa kanaalbeloning zindelijk van de hemel aardgas compleet vogelspin boekse temperatuur klimaat tuurtalent boekse niet machine inhaal reisfiets ont
5200222,kaart1B, kier zee nek baas meel dom zoen boot den kool biet gaaf bal zoon pier lauw bes maag os mat rook bijt geel kei por por geit zes lol buit spees vier hap kous roes pup vaas dik ree vuur gaap boog wijs rauw taal hees bal hal vee hik saus dak rug haak luik peul rijk gas eer doos ram kuur zeep raar duif men dol piep oom rijn gaas pin volk vo volk lijn mouw raam jeuk min koel bak
5200222,kaart2B, blok speer twaalf winst kaft paard sla stier pracht wild schroef grof melk staart zelfs graan kerk stuur mals bleek hult sneeuw braam sterk plat herfst prins verf snee bord kers gracht ster korts plooi kruid licht krent wand proef schaats vreemd gram kluts troon strip toets draai hulp knap haast merk dwijl rond speels
5200222,kaart3B, neushoorn rietje verkeerd alfabetisch export lineaal hartelijk busmaatschappij populair honderd complex stralend rekening morgenochtend lawaairig uiterst fruitteelt aanziendelijk lichaamsdeel opa kanaal beloning ziendelijk veranderen aardgas compleet vogelspin bokser temperatuur klimaat natuurtalent botsing niet machine mineraal
5210102,kaart1B, kier zee nek baas meel dom zoen boot denk koel biet gaaf bal zoon pier lauw bes maag os mat rook buit geel kei poor geit zes lol buit pees vier hap kous roes pup vaas dik ree vuur gaap boog wijs rouw tal hees hal vee hink saus dak rug haak luik peul rijk gas eer doos ram kuur zeep raar duif men dol piep oom rijn gaas spin rook lijn mouw raam jeugd mint koek
5210102,kaart2B, blok speer twaalf winst kaft paard sla stier pracht wild schroef grof melk staart zelfs graan kerk stuurs mals bleek held sneeuw braan sterk blad herfst prins verf sneeuw boord kers gracht ster koord plooi kruid licht krent land proef schaats vreemd gram kluts troon strip toets draai hulp knap haast merk dwel rond speels druk klei stop dwerg sproed blond vloer stamp glimp straf
5210102,kaart3B, neushoornrietje verkeer alfabetisch export lineaal hartelijk busmaatschappij populair honderd complex stralend rekening morgenochtend lawaairig uiterst frauteerd aanzienlijk lichaamsdeel opa kanaal beloning zindelijk veranderen aardgas compleet vogelspin boksen temperatuur klimaat natuurtalent botsing liedmachine mineraal racefiets attentie soepel ondanks wees vinger beroemd kaasrecht proeven
5210104,kaart1B, kikker zeenek baas meel dom zoen boot den koel buut gaaf bal zoon pier lauw wes maag os mat rook bijt geel kei poor geit zes lol buit beest vier hap kous roes kup vast dik reef uur ga boog wijs rouw taal ees hal vee hik zout dak rug haak leuk luik pul rijk gas eer doos rand kuur zeep raar duif mendel piep oon rijn gaas pin wok lijm mouw raam uur
5210104,kaart2B, blok speer twaalf winst kaft paard sla stier pracht wild schroef grof melk staart zels graan kerk stuurs mals bleek held sneeuw braam sterk plant herfst prins verf sneeboord kerstgracht sterk koord splooien kruid licht krent wand proef schaad vreemd gram klut troon strip toets draai hulp knap haast merk duel rond speel druk kwijk klei stop dwerg sproet blond vloer stank glimp straf stink gast snoer beeld
5210104,kaart3B, neushoorn rietje verkeerd alfabetisch export lineaal hartelijk bus maatschappij populair honder complex stralend rekening morgenochtend lawaaierig uiterst fruit deel aanzienlijk lichaam stil opa kanaal beloning zindelijk veranderend aardgas compleet vogelspin boxer temperatuur klimaat natuur talent botsing niet machine mineraal racefiets
5210105,kaart1B, keer zee net nek vaas meel dom zoen boten den koel biet gaaf bal zoon pier lauw bes maag os mat rook bijt geel keib boor geit zes lol buit beest vier hap kous roespuk pup vaas dik ree vuur gaat boog wijs rauw tal hees hal vee hik zout stak rug haak luik beul rijk gas eer doos ram keur zeep raar duif men dol piep oom rijn gaas pin wolk lijn mauw raam jeuk meen koel bak veen boor heus laar
5210105,kaart2B, blokspeer twaalf winst kaft paars sla stier pracht wild schroef grof melk straat zelfs graan kerk stuurs mals bleek held sneeuw braan sterk plat herfst prins verf snee bord kerst gracht ster koost koorts plooi kruid licht krent wand proef schaats vreemd gras kluts troon stip toets draai hulp knap haast merk dwel rond speels druk klei stop dwerg sproed blond vloer strauw
5210105,kaart3B, neushoorn rietje verkeerd alfabetisch export lineaal hartelijk dusmanschapij populair honderd complex stralend rekening morgenochtend lawaairig uiterst fruitielt aanzienlijk lichaamstil opakanaal beloning zindelijk veranderen aardgas compleet vogelspin bokser tempo natuur klimaat natuurtalent bos
5210106,kaart1B, kierzee nek baas miel tom zoen poot den koe biet ge gaaf paul zoen pier lau pes maag os mat rook bijt geel kei boor geit zes loel puit bees vier hap kaus roes pup vaas dik ree vuur gaap boog wijs rauw tal hees hal vee hink zausdak rugghaak leuk pel kijk gas eer doos ram keur zee
5210106,kaart2B, een blok speer twaalf winst kaft paard sla stier pracht wild schroef golf melle straat zelfgaan kerk stuurt mals bleek heild sneeuw braam sterk blad herfst prins verf snee boord kerst de kers gracht ster korst plooi kruid licht krent wans schroef schaats vreemd geron kluts ton strip toets draai hulp knap haast werk zelf grond
5210106,kaart3B, neushoorn reetverkeer alfabetisch export lineaal hartelijk busmaatschappij populair honderd complex stralend rekening morgenochtend lawaai uit eerste vrouwtels aanzien lichaamstil opa kanaal beloning zin de leuk ver anderd aardgas compleet vogelspin boksen temperatuur klimaat natuurtalent botsing niet machine
5250108,kaart1B, weiss rauw taal hees hal vee hik saus dak brug haak luik bel ruik gas eer doos dam ram kuur zebraar duif men dol piep oon rijn gas bin wolk wolk lijn maal
5250108,kaart2B, blok speer twaalf winst koft paard sla stier bracht wild schroef groot melk staart zelfs graan kerk stuurs maus bleek held sneeuw braak braam sterk plat herfstprins verf snee bord kerst gedag gebracht ster korst plooi kruid licht krent wand hoef schaats fret graan klutsch troon strip toetsch draai hulp knop haast meert dwaal rond speels druk klei stopt weg spoelt
5250108,kaart3B, neus on rietje verkeerd af alfabet export lineaal hartelijk busmaatschappij populair honderd complex tralend rekening morgen ochtend lawaairig uiterst fruit teelt aanzienlijk lichaamsdeel opa kanaal beloning zin de lijk veranderd de rim aardgas compleet vogelspin boxer temperatuur klimaat natuurland boxing niet machine minern rauw racefiets at tepsi soepel ondanks wijsvinger beroemd kaarsrecht proeven reisgids absoluut instapkaart
5250109,kaart1B, kier zee nek baas meel don soen boot den koel biet gaaf bal zon zon pier lau bes maag os mat rook beit geel kei poor geit ses loo buit dees vier hak kaus roes pup vaas dik ree vuur gaap bolg wijs rauw taal hees hal vee hik saus dak rug haak luik pel rijk gas eerdos ram kuur zebra duif door piep oon rijn gaas pin wok lijn
5250109,kaart2B, blok speer twaalf winst kraft paard sla stier pracht wild schroef grof melk staart zelfs graan kerk stuurs maas bleek held sneeuw braam sterk plat herfst prins verf sneeuw bord kerstgracht sterk korst plooi kruid licht krent wand proef schaats vreemd graan pluts troon strip toets draai hulp knap haast merk dwijel rond speels druk klei stop dwerg spond blond vloer stank
5250109,kaart3B, neushoorn rietje verkeer verkeerd alfabetisch export lineaal hartelijk beursmaatschappij nul honderd complex stralend rekening morgenochtend lawaairig uiterst fruitteel aanzienlijk lichaamsteel opa kanaal beloning zinnelijk veranderd aardgas compleet vogelspin bokser temperatuur klimaat neutraal natuurtalent botsing nietmachine minieraal racefiets actief soepel ondanks wijsvinger beroemd
5250202,kaart1B, hieromzee nek baas meel domme zoen boter den koel biet gaaf bal zoon pier lauw bes maag os mat krok bijt geel kei por geit ses dolle bijt beest vier hap kaus roest pum vaas dikke weef uur gaaf boog wijs goud taal haas haal vee hik saus dak rug haak luik pel rijk gas eer doos ram puur zeven haar duif men dol piep oom rijn gaas spin wolk lijn vaas mouw raam jeuk wind koel bak veen boor heus laan oentas schot jouw doof taak duik tolk kies boeg lap vol zeer bui dek vies kaal weeg hennen rof vogel deur beer
5250202,kaart2B, stokspeer twaalf winst kast paars sla stier pracht wild schroef grof melk staart zelfgaan kerk zuur mals bleek held steel braam sterk plat herfst prins verf snee bord kerst brach ster korst plooi kruid licht krent wand proef schaats vreemd gaan gram klust kroon strip toets trei hulp knap haast merkt wauw rond speels druk plei stopt werg sproet blond voer stank glink straf dienst gast snor beeld graag langs griepen zee darm soop wens blond stomp waar daar draaf zwart proost fruit streng braars krab spoor nieuws daar bocht rijt schaal terwist graag strik strijk kans ing voort veel snij troost
5250202,kaart3B, nee zon ritje is verkeerd alphabet export linea hartelijk busmaatschappij populair honderd complex zalen rekening morgenochtend erbij recht uitrusting fruitstijl aanzien lichaamsdeel openbaar kanaal beloning zindelijk veranderd aardgas compleet vogelspin bokser temperatuur klimaat natuurtalent botsing nietmachine mineraal racefiets attendent soeplepel soeppel ontdanksverwijs springer rond kaars recht proeven reisfiets absoluting slaapkaart tweeling voetbal binnenland aardappel planten renningswerken prima steenlak winkelwagen reisveld herhaling kritisch autorit herhaling staf dieren duur en onweerswolk natuurwel slaapkamerdeur rommel perzik voedingsstoffen klaspapier schuifspunten
5250207,kaart1B, kiezenik baasmeel don zoen boot den koel biet gaaf bal zoon pier lauw but bes maag os mat rook opbijt geel keit poor geit zes lol buit pees vier hap kaus roespup vaas dik ree vuur gaap boog wijs touw rautouw taal hees half hee hik saus dak rug haak leuk puil rij gas eer doos raam kuur zeep raar duif men dol piep oom rijn gaas pin rok lijn maal raam jeuk min koel bak veen boer heus laan hoem tas rot jouw doof taak duik tol kies boeg lap vol zeer puil lek vis kouw beek hen rolf
5250207,kaart2B, blok speer twaalf winst kaffet paard slaat stier pracht wild schroef grove melk staart zelf graan kerk stuur mels bleek held sneeuw braam sterk plat herfst prins verf sneeuw bord kers gracht ster korst plooi kruid licht krent wand proef straat vreemd gram kluts troon strip toets draai hulp knap haast merk terwijl rond speels druk klei stop dwerg sproed blond vloer stang glimp straf tint gast snoer beeld graat langs riep sneeuw darm stroop wens klont stomp klaar draf zwart proost fruit streng baars krab spoor nieuws blaar bocht krijtschaal triest graag schrik strek krans inkt
5250207,kaart3B, ruisel rikje verkeerd alfabetisch export lineaal hartelijk busmaatschappij populair honderd complex stralend rekening morgenochtend lawaai uiterst fruit teelt aanzienlijk lichaamstil opa kaneel beloning zinstil veranderingen aardgas compleet vogelspringen boxer temperatuur klimaat natuurtalent botsing nietmachine mineraal racefiets attentie soepel ondanks wijsvinger beroemd kaarsrecht proeven reisgids absoluut instapkaart tweeling voetbal binnenband aardappelplant reddingswerken prima steeds winkel wagen rijst veld herhaling kritisch autorit heling straf strafdie staafdie gram duwen onweerswolk neutraal slaapkamerdeur homo persje vervoedingsstof klad papier kruispunt
5250210,kaart1B, blok speer twaalf winst kalf paard slaf stier pracht wild schroef schrof melk straat zelfs graan kerk sterf mals beleek held sneeuw braam sterk plat herst prins verf sneeuw boord kerst kracht ster korst plooi kruid licht krent wand proef schaats vreemd gram klunt troon strip toets draai hulp knap haast melk dwel rond speels druk kleis top dwerg
5250210,kaart2B, kier zee nek baas meel dom zoen boot den koel biet gaaf bal zoon pier lauw bes maag os mat rook bijt geel krij poor geit zes lol buit bees vier hap kaus roes pup vaas dik ree vuur gaap boog wijs rauw taal hees hal vee hik saus dak rug haak luik peul rijk gas eer doos ram keur zeep raar duif men door piep oom rijn gaas pin rok lijn mouw raam jeuk min koelbak veen boor neus laan oen tas rot jouw doof taak
5250210,kaart3B, neushoorn rietje verkeer alfabetisch export lineaal hartelijk busmaatschappij populair honderd complex stralend rekening morgenochtend lawaaierig uitster fruitteelt aanzienlijk lichaamsdeel opa kanaal beloning zindelijk veranderen aardgas compleet vogelspin bokser terp temperatuur klimaat natuur talent botsing nietmachine nietmanieraal racefiets attentie soepel ondanks wijsvinger beroemd kaarsrecht proeven grijs gids absoluut instapkaart tweeling voetbal binnenband aardappelen
5250219,kaart1B, hier zee nek baas meel dom zoen boot den koel biet gaaf bal zoon pier lauw bes maag os mat rook bijt geel kei poor geit zes lol buit pees vier hap kaus roes pup vaas dik ree vuur gaap boos wijs rauw taal hees hal vee hik zaus dak rug haak luik peul rijk gas eer doos rankeur zebra duif men dol piep oon rijn gaas pin boer
5250219,kaart2B, blok speer twaalf winst kaft paard sla stier pracht wild schroef grof melk staart zelfs graan mer kerk stuurs mal mals bleek held sneeuw braam sterk plat herfd prins verf snee borst kerst geracht ster koorst plooi kruid licht krent wand proef schaats vreemd groen kluts stroon strip toets draai hulp
5250219,kaart3B, neushoorn rietje verkeerd alfabetisch export lineaal hartelijk busmaatschappij populair honderd complex stralend rekening morgenochtend lawaairig uiterst fruit fruitdeelt aanziendelijk lichaamsdeel opa kanaal beloning zindelijk veranderen aardgas compleet vogelspin bokser temperatuur klimaat natuurtalent botsing niet machine miniraal racefiets attentie soepel ondanks wijsvinger beroemd kaars
5250226,kaart1B, kiezen nekwaas meel don zoens botem koel biet gaaf bal zoon pier lauw bes maag os maas oot bijt geheel kei purr geit zes lol bijt pie pees vier hap kous roes pup baas dik ree vuur gaaf boog wijs rouw taal heese hal vee hik zout stak rug haak luik peel rijk gas eer doos ram kuur zeep raak duif men don piep oom rijs zijn gaas spin bok lijn mouw raam jeugd mien koel bak veen oor heus laam oen das rot jauw doof taak
5250226,kaart2B, spier twaalf winst kof paard sla stier pracht wild schroef melk staart zelfs graan kerk stuurs mals leek held sneeuw braam sterk plat herfst sprints ver snee bord kers gracht ster kort plo bekruid licht krent wand ploef schaats vreemd graan kleut traal strip toets draai hub kop knap haast merk terwijl rond speels druk klei stop dwerg sproed bloms vloers tank
5250226,kaart3B, rietje verkeerd alpettisch export lineaal hartelijk busmaatschappij populair populair honderd complex stralend rekening morgenochtend lawaairig uiterst fruitdeel aanzienlijk lichaamsdeel opa kanaal beloning ziendelijk veranderen aardgas compleet vogelspin bokser temperatuur klimaat natuurtalent botsing niet machine mineraal racefiets atentie soepel ondanks wijsvinger beroemd kaarsrecht proeven rijstgids
5260105,kaart1B, kierzee nek baas mil dom zoen boot den koel biet gaaf wal zoon pier lauw bes maag os mat rook bijt giel kei poor geit zes lol buiten beest vier hap kalus roes pup vaas dik ree vuur gaaf boog wijs te rauw taal ees half vee hik zuis dak rug haak lui vul rijk gas eer doos rang keur zeef raar duif men dol biet oon rijn gaas pin wolk wolk lijn maal raam jeug min maal min koe bak veen poor neus heus laan oen tas rot jouw doos taal duik toon geit zeef zeef zeef zeef zeef zeef
5260105,kaart2B, blok speur twaalf winst kalf kaft paard slaan stier pracht wild schroef grof melk staart zelfs graan kerk vuurs mals bleek held sneeuw braam sterk plat herfst prins werf snee bord ger kerst kers gracht ster korst plooi kruid licht krant wand proef schaats vreemd grand klus droon strip toets draai hulp knap haast merk twijl rond speels druk klei stoel dwerg sproet blond vloer stank glimp straf tent tint gast speur beeld graaf langs griep griep
5260105,kaart3B, neushoor riekje verkeerd alfabetisch export lineaal hartelijk busmanschappij populair honderd complex stralend rekening morgenochtend lawaaijerig uiterst ruithild anzienlijk lichaamsdeel opa kanaal beloning zinderlijk verandering aardgas compleet vogelswin bokswerd temperatuur klimaat natuurtalent botsing niet machine mineraal racefiets attentie soepel ondanks wijsvinger beroemd kaasrecht kaarsrecht proeven reisgids absoluut instapkaart tweelingvoetbal binnenband aardappelplant renningswerker prima stevig winkelwagen reisveld herhaling kritisch autorit herhaling
5260113,kaart1B, kier zee nek baas meel dom zoen boot den koel biet gaaf bal zoon pier lauw bes maag os mat rook bijt geel kei por geit zes lol buit pees vier hap kous roes pup vaas dik ree vuur gaap boog wijs rauw taal hees hal vee hik saus dak rug haak luik puil rijk gas eer doos ram kuur zeep raar duif men doel diep piep oom rijn gaas pin wolk lijn mouw raam jeuk min koel bak veen boer heus laam
5260113,kaart2B, blok spier twaalf winst kaft paard slaap stier pracht wild schroef grof melk staart zelfs graan kerk stuurs mals bleek held sneeuw braam sterk plat herfst herfst prins vert verf snee bord kerst kracht ster korts plooi kruid licht krent wand proef schaats vreemd graam klut troon strip toest draai hulp knap haast merk dwel rond speels druk klei stop dwerg bloed blond
5260113,kaart3B, neusarmritje verkeerd alfabetisch export lineaal hartelijk busmaatschappij populair honderd complex stralend rekening morgenochtend lawaaierig uiterst fruit teelt aanzijnlijk lichaamsdeel opa kanaal beloning aanziendelijk veranderen aandacht aardgas compleet vogelspin boxer temperatuur klimaat natuurtalent botsing nietmachine mini mineraal racefiets autentiek
5260114,kaart1B, vier zee nek baas meel dom zoen boot den koel biet gaaf bal zoon pier lauw bes mag os mat rook bijt geel kei por geit zes lol buit pees vier hap kaus roes pup vaas dik ree vuur graap boog wijs rauw taal hees halve hik saus dak rug haak luik peul rijk gas eer doos ram kuur zeep raar druif men dol piep oom rijn gaas pin zok lijn mauw raam jeugd min koel bak zeen
5260114,kaart2B, lok speer twaalf winst kalf paard sla stier pracht wild schroef grof melk staart zelf graan kerk stuur maals bleek helds sneeuw braam sterk blad herfst prins verf snee bord kerk gracht ster koogst blooi kruid licht krent wand proef schaats vreemd graan klust troon strip toets draai hulp knap haast merk dwijl rond speels druk kluistop dwerg
5260114,kaart3B, neushoorn rietje verkeerd alfabetisch export lineaal hartelijk busmaatschappij populair honderd complex stralend rekening morgenochtend lawaaijerig uit rest uitrest fruit fruitteel aanzienlijk lichaam stil opa kanaal beloning zinnelijk veranderend aardgascompleet vogelspin bosker temperatuur klimaat natuurtalent botsing mietmachine
5260119,kaart1B, kierzee nek baas meel don zoen boot den koel biet gaaf bal zoen pier lauw bes maag os mat rook pijt giel kei poor geit zes lol puit pees vier hap kous roes pup vaas dik reef vuur gaap boog wijs rauw taal hees hal vee heek saus dak rug haak luik peul rijk gij gas eer doos ram kuur zeep raar duif men dol piep oom rijn gaas pin wok lijn mouw raak jeuk min koek bak
5260119,kaart2B, blokspeer twaalf winst kaft paard sla stier pracht wild schroef grof melk staart zelfs graan kerk stuurs mals bleek held sneeuw braan sterk plat herfst herfst prins verf snee bord kerst gracht ster korst plooi kruid licht krent wand proef schaats vreemd gram kluts troon strip toetsen draai hulp knap haastwerk speels druk klei stop dwerg sproed blond vloer stank glimp straf
5260119,kaart3B, neushoorn rietje verkeerd alfabetisch export lineaal hartelijk busmaatschappij populair hunderd complex stralend rekening morgen ochtend lawaairig uiterst fruitteelt aanzienlijk lichaamsdeel opa kaneel beloning zinderlijk veranderen aardgas compleet vogelspin bokser temperatuur klimaat natuurtalent botsing niet machine mineraal racefiets attentie soepel ondanks
5260121,kaart1B, hier zee nek paas meel donder zoen boter ten koel biet gaaf bal zoon pier lauw bes maag os nat rook bijt giel kijk poor geit zes lol buit beest vier hap kous roes pup vaas dik ree vuur gaap boog wijs rauw touw hees hal vee hik saus dak rug haak luik puil rijk gas eer doos ram kuur zeep raar duif men dol piep oom rij rijn gaas pin haak
5260121,kaart2B, blok speer twaalf winst kaft paard sla stier pracht wild schroef golf melk staart zelfs graan kerk stuur mals bleek held sneeuw braam staart blad herfst prins verf snee bord kers geracht sterp koorts popel kruid licht krent wand proef schaast vreemd gram gelust troon strip
5260121,kaart3B, neushoorn rietje verkeerd alfabetisch export lineaal hartelijk busmaatschappij populair honderd complex stralend rekening morgenochtend lawaairig uiterst fruit fruit deel aanzienlijk lichaamsdeel opa kanaal beloning zinderlijk veranderen aardgas compleet vogelspin bokser temperatuur klimaat natuurtalent botsing nietmachine
5260122,kaart1B, kier zee nek baas meel dom zoen boot den koe biet gaaf bal zoon pek pier lauw wes maag os mat rook pijt geel kei por geit leses lol buit pees vier hap kaus roes pup vaas dik ree vuur graap boog wijs rauw taal heest hal vee hik saus dak rug haak luik pup pul rijk gas eer doos ram ker zeep raar duif men dol piep oom rijn gaas spin wolk lijn mouw raam jeuk min koe bak veen bor heus laan oen tas rot hiep
5260122,kaart2B, blok speer twaalf winst kaft paard sla stier pracht wild schroef grof melk staart zelfsgraan kerk sturts sturs mals bleek held sneeuw braam sterk plat herfst prins verf snee bord kers gracht ster korts plooi kruid licht krent wand poef poef schaats vreemd gram kluts troon strip toets draai hulp knap haast merk dwel rond speels druk klei stop dwerg sproet blond vloer stank glint
5260122,kaart3B, neushoorn rietje verkeerd alfabetisch export lineaal hartelijk busmaatschappij populair honderd complex stralend rekening morgenochtend lawaairig uiterst fruitveeld aanzienlijk lichaamstil opa kanaal beloning zindelijk veranderen aardgas compleet vogelspin bokser temperatuur klimaat natuurtalent botsing niet machine mineraal racefiets attentie soepel ondanks wijsvinger beroemd kaars recht
5410118,kaart1B, kier zee dek baas meel don zoen bo ten kol biet gaaf bal zoen pier lau pes maag os mats roof pijt geel pekij por geit tes zes lol bruit bees pier hap kaus roep roes put pup vaas dik ree wa vuur gaap boog weis rauw taal rees haal wee hik saus dak rug haak luik peul rijk kas eer doos rap keur zebra duif ben dol piep om ren kaas pien wok lijn mouw raam jeuk min koel bak veid boer
5410118,kaart2B, blok speer twaalf winst kraft paard sla stier pracht wild schroef grof melk staart zelfs graan kerk stuur smals bleek held sneeuw braan sterk plat herfst prins verp steen boord kers kraft ster korst plooi kruid licht krent wat proef schaats vreemd graan klunt stroon strip stoets draai hulp knap haast merk dwijl rondspeels drug kleistop dwerg sproed blond vloer strak glimp straf steeds
5410118,kaart3B, deushoorn rietje verkeerd af puntie export lineaal hart hartelijk bus maatschappij populair honderd complex sta sta kwalijt rekening morgenochtend lawaai richt uiterste fruitteelt aanzienlijk lichaamsdeel opa kanaal beloning beloningzinsen veranderen aardgas compleet vogels pin pop ksel temperatuur klimaat natuurtalent botsing niet machine mineraal racefiets attentie
5410119,kaart1B, kier zeenik bas milton zoen potem koel piet gaaf bal zoon pier lam best maag oos mat rood pijt geel kijk por geijt zes nol buit pees vier hap kaus roes pup vaas dik reek vuur gaaf boog wijs rauw taal hees hal vee hik saus dak rug hak luik peul rijt gas eer doos ram keur zebraan duif meen dol piep oom rijn gaas pin rok lijn mouw raam jeuk min koel bak veen borp heus laan hoel tas rot jouw doof dak duik tol kiesboeg lap volk zierbeug
5410119,kaart2B, blok speer twaalf winst kalf paard sla stier bracht wild schroef korp melk staart zelfs graan kerk stuurt maals bleek held sneeuw braan ster plant herfst prins verf snee bord kers gracht ster kort splooi kruid licht krent wand proef schaats vreemd gang klutsch tron strip toets draai hulp knap haast merk dwaalf dwijl rondspeels druk kei stop dwerg sproet blond voer stak glip gestraf tint gast schnoer beeld graan langs schriep sneeuw drang stroop wenst klont stromp klaar draf
5410119,kaart3B, neushoorn rietje verkeerd af af af alfabetisch expolineel hartelijk bus maatschappij populair honderd complex stralend rekening morgen ochtend lawaaierig uiterstig fruit teelt aanzienelijks lichaamsdeel opa kanaal beloning zinnelijk veranderd aardgas compleet vogelspin bokser temperatuur klimaat natuurtalent boxing niet machine mineraal racefiets antinentie soepel ondanks wijsvinger beroemd kaarsrecht proeven reisschits absoluut instapkaart tweeling voetbal binnenband aardevolplant reddingwerker prima stedelijk
5410212,kaart1B, kier zee nek baas meel dom zoen boot den koel biet gaaf bal zoon pier lauw bes maag os mat rook bijt geel kei por geit zes lol buit pis vier hap kaus roes pup vaas dik ree vuur gaap boog wijs rouw taal heest halvee hik saus dak rug haak luik peul rijk gas eer doos raam ram kuur zeep raar duif men dol piep omer rijn gaas pin wok lijn mouw raam jeuk min koel bak veen boor heus laan oen tas rot jouw doof tak taak duik toel kies
5410212,kaart2B, blok speer twaalf winst kalf paard sla stier pracht wild schroef grof melk staart zelfs graan kerk stuurs mals bleek held sneeuw braan sterk plat herst prins verf snee bord kers gracht sterp koorst plooi kruid licht krent wand proef schaats vreemd gram klust troon strip toets draai hulp krab haast merk dwel rond speels druk klei stop dwerg sproet blond vroeg vloer stank glimp straf tint
5410212,kaart3B, neushoorn rietje verkeerd alfabetisch export lineaal hartelijk busmaatschappij populair honderd complex stralend rekening morgenochtend lawaaierer uiterst fruit aanzienlijk lichaamsdeel opa kanaal beloning zindelijk veranderen aardgras compleet vogelspin bokster temperatuur klimaat natuurtalent botsing niet machine mineraal reeswiet ostentie soepel ondanks wijsvinger beroemd
5410215,kaart1B, keer zee nek baas meel dom zoen boot den koe biet gaaf bal zoon pier lauw bes maag os mat rook bijt geel kei por geit ses lol lol buit pees vier hap kaas roes pup vaas dik reef reef vuur gaap boog wijs rauw taal hees haal vee hik saus dak rug haak luik peel peul ruik gas doel ier toes ram keur zeep raar duif men dol piep oom rijn gaas pin wolk lijn mauw ram juik min koek
5410215,kaart2B, blok speer twaalf winst kalf paard sla stier pracht wild schroef grof melk staart zelfs graan kerk stuurs mals bleek held sneeuw braam sterk plat herst prins verf snee bord kerst kracht ster korst plooi kruid licht krent wan want proef schaats vreemd graan gram klust strom strip toets draait hulp knap haast merk dwijl
5410215,kaart3B, neushoorn rietje verkeer alfabetische export lineaal hartelijk busmaatschappij populair honderd complex stralend rekening morgenochtend lawaai uit terst geluid steelt aanzienlijk lichaamsdeel open kanaal beloning ziendelijk veranderen aards gras complex vogelspin bokser temperatuur klimaat natuurtalent botsing niet machine mineraal racefiets
