participant,word list,Wav2Vec2.0-CGN
4010103,kaart1A,ijseboom dun rek sa rit soutspaalkuil net puur bak lijn min jeuk mel boor feen coa koe wok raam den bas koek dom lak mil boot c tier zon zon pin pin dul gasgas men oom cep duif raar piep ren ruim doos luik ram haak terug dee rug rug eer kun keur gos pul buinen rijk zuur teug kip el sul sul
4010103,kaart2A,klaarwend schriep stomstomp langs draf klomt darm snie stroop krijt graag strikt vilm scheschaa schaal snuit vort drict kram krans inkt slak naast grint sleur troep blij pools mast mast glats enst flot sutstent arm brief sprei spreel brul trouwst plus mest babk dueil rond krei merk stop druk sproet hast speels dwerg
4010103,kaart3A,opave kenning staemde fle freeelt dor burg en ochtemd uhn sein ahncinlek lichaamen steel complec complex lawierg uit uiterst stifzus kijk sefes m tuhek ste ster hemel bre vildigant ko koker hingel verfolgens opzetelik iet niet main ondanks vijf vee ger nakutal
4010111,kaart1A,ijsboom den rek liedzel bepaalde rel met puerbak lijn win jeuk wol bor veijn koe bokran te ten ba baskourdordek berel bozee kierzo zoon pin dor ggaa gaasmen oom oom ceepduiveraar biepezea lijndoos luik ram haak rug eer kuurgas bul ruik zuur tuinkip els zuh ribotban lege rij rijphal wijsboog vee rouw hektaal heesdak saus jouw huis rot oen tas duik naam ton de hooftaak fit
4010111,kaart2A,klaarwens grieps stomp langs draf kloa klondarm sleufstro krijt graag strikwilm scha schral snuitvoort de lisku krant inkt slak naast lint sa snurftroep bli pols mast glad ernst flot dent arm be blief sa sneeuwbrul ter trouwsblus i g balk dwel romd klei berkstop druk spa ssproet hast sspielt de werg zacht smoes bond s zwijge grijs korstflautaar sponsblik trotskluis minst opsvacht punt punt zwak beo brots boei at koorts want plooi licht ces cerd proefsterk kruit racht
4010111,kaart3A,opa regen es stralend voruitteel morgenochtend aanzienlijk lichaamsdeel complex wawaeig uituitgea uitrest sstiefses kijkcijfers mini mou tuinherk sterren ren hemel eh reljant konker hen heng hengel vrgevolgens op opzettelijk litmachine onte onder ondanks wijsweger nanatuurla natuurtalet ak kse leskit mimni min el s soep soepel
4010112,kaart1A,ijsboom dun rek riet zoutpaal kilnet puurbakkerijen min jeuk m mou boor seen koe hook heram den das kol koa ke dom hek meelbotezee kierzom zon pin dolgat men o oom zeepduiven raa piep een rijn doos leuk ramp hè haak trug eer kuur ga gas ba bul rijksa zuur terugkip il zo uh rien bo pan weg gijf haalwijshoog zee rouwen
4010112,kaart2A,gwar wens riep tomp lang s dera kromp der dar sneu stroop karijs geraag strikt film gral snui vort fiest krant ink sak nast griep suerf te roet belei pols most gwat ernst polt krust stunt arm berie spreeul bril het troost plusmist de balk dewijl rondkaleijm merk stopdruk
4010112,kaart3A,alpa rekening stel stralend fruits steew morgenocht en aanzien k lichts del umprek lwi rig uh uit uh lest diefzus pek pever kijvers mi mnaal tuimen hek sterrenhemel briljand koker hemel vervolgens opzettelijk niet meer kies ontdanks wijs vriemdek natuurlijk natuur tan atif
4010115,kaart1A,ijsboon den rep rek riet zout paulkruit net puur bok lijn min jeuk mou boor feen coe wolk ran den bas coe cool tom nek mil boot c g kier sut zun bim dol graa graas men on zeep duif grar piep rein reindoos luik ram rug
4010115,kaart2A,klaar wens griep stoorm langs dof draf kt klomt dorm sneeuw stroop krijg je graag chelik strikt film scchu schrauw snuit woord triest krons inkt slak naast grint slerf troe bij plots hant mats glat arnshtv fol flot
4010115,kaart3A,oparekenen stralnd stralend fruit teelt morgenochtend aan chikelik legams del complex ja en a wijerig uitstekend stiefses kik ze skeekzeger minimaal tuinek sterv reelv breiband kok koken hengel
4060102,kaart1A,ij is bomdunge rijk ried zout plalkleijn met puur baklijn un jeuk ma bo ven ku vok ha derd pas kon tn net melbot zeker geen zoon men dongas met mo om iep di ra piep rijndodoos luik raam hak roch ier keur gas n rijk zuur teg kip eén zijn ribotborik gjp hal wijsboog fenuga hik tol hesdok saus jouw hes hoord un tos dijk lan to dijfta vet sijn
4060102,kaart2A,klarwengeestomp langs draf kwond dram m sneeu stroop traag graag strikt vlim schagel smuit vort trist krunst hinkd swat mest gheem tlef troep blij prons mastgot engnist von stuntan brif sprei drul trrost pletemist blo de wal de hondklei merkstop derke sproed haspeels de de weig zacht smoes monzelijngeraad korte flow taartespos blik trots clismins pop vacht punt zwake broek vooa vrons bloem glont
4060102,kaart3A,oparekening strat strat geiend vrijt steelt mogen oochtenten aanzienlijk lichaamdeel complex wa wierigen uit det stief zus drief zus kik schijvers i mnima tuinhestegen hele mow bril jons koeken henkol vevogens opzentinlijk nietmachine ondijkste levinger natuik talent at ante ti refi fitsen mirira soepel bobti
4060105,kaart1A,ijpoden rek riet souttaal e net buurbaklijn min jeuk moubor veenkoel hok jan den paskor dom mek nelbod e eson ping dorgas men koom e zeetuif raar die reijndoos luikramhakleureerkleur gasbulp druikzuur terug kip al sol renbo bod ban lef rihalwijsbog v rao hettaal hees da sous jouheus rot ontas duiklaan dor dooftan tak vi
4060105,kaart2A,klaar wens griep stomplangs draf klom dang neut stroop krit graag strikfilms schraal snuit vol vort triest krans inkt s slak na naast grin slof droelaipos was grad ernst glotstunt arm bries bril brul trost blus mins mist balk twaelk rond klui merk tokdruk sproet haast i veel de werg gezag smos om te swij garijns korse flaut saartsbonsblik ro rotkluismins on bacht
4060105,kaart3A,opa nrek kunnin stralend fruut fruit teelt mora morgenochtend aanzienlijk lichaamsheel complex laweirig uiters stiefsbers kijkcijfers minimaal tuinherk us terren hemel bril jaunt ko kopkoker hennel vervolhens copsettelup die k mag zoen mor ondanks wijs vinden natuur talent a ou tuu et e t razen feest mnemat mine ral chopo potsin beroemd deniel oh
4060106,kaart1A,ijsboom dunne rekh rit zoutpelkrui net purenbaklijnmin jeg melbour boorn veen koe vook ran den bas ko dor nek milv bultv s kir ker ker zun tn do gas men onzepen duif raag piep rijn dos luluik ram hakenrug eer tuur gas pabul rijk zuut treh kip el zoon riem botpan legeri deriep helvijs boog
4060106,kaart2A,klaar wendgriep stom stom langsterag klomt darm ene snee sne stroe kreit graag schrek veel straalt snuit vort triest krant int slap naas fried sneuf troep blij kols mast glad ers flot stont er brief sn sbril parago troots pluis mies miest bolk drel rond kle merk stop deruk sproet hast
4060106,kaart3A,opa re rekenen stra sralend fr fla fra ruite morgenochtend aanzienlijk lichaamsdeel complex a loeierig ui uit erste stief zes kik cijfers livimal tuin hek sterren hendel bril jant koker hengel vervolgens opzetten lijk niet machina ondanks wijsvinger atnatuurlijk natuurtalent atuhsie attentie
4200202,kaart1A,eikboonden rek hiet zout baal kuin net puur bak lijn nin jeuk ma de boer oteen coe vo ram den baas kour ton mek mel bot d kerjun dendol och gas men on se seek duif ra biek rijndoos wij wijk gaam hharug rl gasbee beur rijk sur trus kip ul zo in botebanwee alwis
4200202,kaart2A,slas wen rit ston la langs tra lond tarm nee stochstroop neri trik film sh mi de vort trist g krans int sclak m vrind leur trei truf rpe dle bols most got erenst got zo stunt anvreie een brief sbrel bril
4200202,kaart3A,rekening stralen fruitdeelt morvan ochpund aanzienlijk lichaamsdeel comprec e teuituitest stoi stiefzus difus kijk kijk kijk cijvers minimaal tuinherk teen hemel brilland kok koker henel verfulfens hopseteluk onzettelen opzetteo niet de marchina omtouns vrij te vinden omdat de
4200216,kaart1A,meisje potort en ja rike die sout pale wer gadae lent o buur obak nij meejeuk maar ook a boor vee koee soto ran oen ar daar en col dun ne on milloot ceogkier sun u l ie dol gaso en jo om see duif daar lierin doos nacarsom g haap rug hier zuurtine gas bil ijk suur de n gim ijl solt riem boot ban leeg ii ol bij bog ve rol hit taal hes dal zou zig jou b o tot on tas tuinlaan tolde
4200216,kaart2A,kaar wens griepston langs n rag klont dormsreusopkrijt graae sdreven o strikt a hel schrauwer waarom nou gedrou sneu olle o risch cros inkt n slot ka daas en gon in slurf troeprij pols most glotten erols old arm brief sbril brilrots blusmes maar ook twe gerond mar klein merk stoponderen zom roet haast speels twede gzachte smous bont zwij grijn corsflauw ters pon plek trots kluisminst bomvahtben zwabrok ansbloei graat corse ondbloe leeg kerst crent tof
4200216,kaart3A,g wie olstanle to o vrij al et morgen nogt e at as zienlek olichaamsdeel corplex holo i om bi er eg gewan es uiter e o at was diefze om gaa kijk zeij voeken gaut ni ni melke tuin he olkaar voor jo sterrenemo han bril jo hard en oe kokers hengel ntetengolgens ozettdag leuk eh nat zon mag hè outo kin n ja dan komt dan ook ze voore or meisje a wee a dat duurt al e o van tan ze reken fit inias sou o souvol botsing
4210102,kaart1A,heisbal dendagrek rin tza pal kul net puur baknijmen jek mou dorboor veen coul wolk raam den mas coul ton nek nil bot z de ker zo on pindo gasmen omzeep duifradpiep krijn doosluik ram ak rug er tier gas dol rijk zuer teug cip el zoul geen bot band lefe gijp halrijsburg veek gal en hik tal hees dak saus je jou ne hes rod uen tos douknaam
4210102,kaart2A,laar wensgiep stond larms dra grond darsleun stroofkrijn gra grag strikt film schraw snuit voor triest krans inkt slak naast grin grint sler troe blij bols mast got ernst flotstent armbrefsbril brultrons b plus nist balk twaal rondkleinwerkstop druk sproet haast spilf deweg zachte smoes bond z grijnskorst fnoutart sbonsblik trot klaus linspomp acht punt zwak broe vons b
4210102,kaart3A,opa week inin stralt verruitdeelt morgenochtend aanzenlijk lichaamsdeel complex newireg uitre uiterst stiefzus kijkcijvers mini mal teinhek sterem hemel bgiljons colker heenlol ervolgers opzettelijk nietmagine nietmachineondanks ws wijsvinger natuurtalent a atenti rasene fiets mineral soepel bosin beroemd yunial ofe betigsexport honderd popular
4210103,kaart1A,santen ik so xn net puur bak ne mar inluik wara boor fijn oe vook dam en bas horu don e bo segir zoen indoa gas men o en om z draf rai zin gos u
4210103,kaart2A,naar ans ip ton langs taf lond dan ne t zegt g in fim um tit rand inlang naast rind dedag le bi bun mot haenfat stunt vam rifsve u mi dar vont lin
4210103,kaart3A,oparijke sstrant attel mentem ahintelcomplment lang uk kuik net nen m enhek tunek sten helemaal zinmand gerokerd en uh wast po niks een was maar natuurtoh zesti oa
4210105,kaart1A,ijsban din grek rit jous pal kul net ur pa bak de nijn min jeuk mel bor veen toe hoek gren nbas koe don mek meel boot c kier don bin dol haat mem o c vijf rat iep rijn doos neuk raam haakbrug eer ker gas bil rijk zuur teh kip el ul rin bot ban tleg ri ha lisbulg v raalhik taal hees
4210105,kaart2A,darm wems grik stonlouns deraf klot darm slestro kreet graag strict vilm schral smeit vort triest krans ins slak mast grint sluf troep blij pols ma magst glaat ernst vult steen arm brintspril rotrots plush mist dalk wel rond klein uergt stop druk spult haast spel speels duerg zacht snoesbond si grijn scors flouw tart spons bilik trot tils
4210105,kaart3A,open rekening stralend fluis fluisteelt morgenochtend ean aanzijndelijk lichaamstel complex lawaairig uiterst sdiefzus kijkcijfers minimaal tuingek sterren hemel brel jant kulker hengel vervolgens opzettelijk nietmachine ondanks wijsvinger natuur natuurlat natuurtalent etentie reflecties mini miner minumel soeplepel botsing e rund linea alfabetisc explo export honderd populair verkeerd riedje hartelijk o busbusmatschaa dusmaatschappij neusgewone
4210110,kaart1A,ijsboom de dunrek za ririet zoutbal kaul met puurbak lin min julk mal por veen conbon wook ram den barskool ton nek neeul boot zee kier zoon bedoel gan gas min mijn op zepe duif ear piep rin doos luikramhak hak reug eerkeurgasb rijk zurte te t cip uo re rem bo bot
4210110,kaart2A,klaar wens griep stonlantralond darm sn snu sgre krei t graag strik veel schaw snuit treist krams intslaap na ast grientslepsler troep fleypols ma mast gegrand eerst po ne senet armbi sperel brul trots plus menes bauk te de wel rond kr kri merk stop terug
4210110,kaart3A,oparekening stralen frijtel morgens notend ren ochtend ohz lik lichaamsteel conple ek levarig uit uit erst stivezus stifsus tijk cijver cijvers mi min ni mah tal tounhek stek re ek heimel bre brant konker hon kal vervolgens o opzettenlijk nieman hen schijnen omde
4250105,kaart1A,ijsboom dunrek ried soutpaal kul net puurbak lijnmin jeukmou borveen coe wook raamden bas koel tom nek mel boc kirk zon bindomel gas men oom cpduif gaar piep hijn doos luik ram haak heer ik rug hea eer keurgas pul rijk zuur tug kip kip el zoon ream botbaa pan leegrijp halwijsboogvee uhrauwhik taal hees dak saus jo ja heu heus hor
4250105,kaart2A,laarwens griet stond langs draf kua klontdarm sneu stroop ga krijt graag strikt film raal snuit voor t triest krans inkt slak naast grint slurftroep blij pols mast glad ernst vlot steun arm brief spriel brul troost plus mest balktwel gond kleimerkstopdruk sproet haast spiels twerg zacht smoes bont swai gijns koa kost sla flauw taart spons blik trot
4250105,kaart3A,opa rekening tralent fruitilt morgenocht morgenochtend aanzienlijk lichaamsnieuw complex lawairig uiterst sdiefsus kijkcijfers mini minimaal tuinhek ster sterrenheeme broeiant koker hemmel vervogens opzettenluk niet machine ondanks wijsvinger natuurtalent aptelenti hn greesfiet miner gans soepbel buutsi beroemd junijaal alfabectis export honderd populair verkeerd ver
4250117,kaart1A,ijs boon dunrek rietzout paal kui met buur baklin min jeuk me mau hoorveen koe wokhaam den ba bas koeljeton nek meel c boot c kier zoen pin dol gaas men om zeep dijf raar piep vrai doos luit ram haak ruha er kuur gas geun rijk zuur terug kip uit t soe riemmotpan leg leeg gerijp hal wis boog ve rouw hek taw ees heesdak saus heuis rot oen tasduik daan d oofuh taak wet zijn nood lies kat lui munde reus neer leg
4250117,kaart2A,e klar wen schiep stons langs draf klomt darmsneus stroop krijt vraag strik veelmschouw snuit voort triest krans inkt slak naast gind slerf stroep bi blij pols mast glad ernstig fun vlot kstunt arm brief spreeuw brul strots plus meist bal balk twil rond klei merk stol truke sprouten haas spel werg zacht smoes bond swai gijns korst kors slauwtaart sons blek trots kluis kluis menst ompvachtpunt zwak broek frons bloei gracht koost want plooi ligt kers krend
4250117,kaart3A,ope rekening stralend fruitelt mors morgenochtend aanzienlijk lichaamsdeel complex lawaierig uitsterf stiefzus kijk ze even een minimaal tuinhek sterremop briljant koker hengw ver vogel opzettelijk nietmachinen ondanks wijsvigervinger natuurlij a atenti resfit min mineraal soepleper bostings beroemd lineaal afafbet x export honderd populair vekeer ritja hartelijk busmaart hetdi neushoorn herheiling winkelwagen krist staafdingenram ristveld auto
4250204,kaart1A,ijs u boom den rek riet zout baul kal net buur bak lijnmia min jui jeuk mou mou koer ekoel hook raam ten bas koel ton nek neel oce girie kir un pin dol gras men omes heet duiveraark piep rijn dooslijk van hon honhan rug eer kur gras
4250204,kaart2A,klar wenschie stomp lonsdraf knomd dram arem snuiu storm storp krijt glaag streek stredin srinkt film geglauw snet snuit voort vort tristrist ks krans één s énk sclak nal mas grens uh schlurf troep lei ons mast glad er nu er nast vold sskim a
4250204,kaart3A,opa reken ik stag stralend fruit teel friitels morgen morgenochtend aans aanzienlijk lichaamsteel sumplex ij en war wijreg uit rest uituhstiefzussen kijk schijven kijk cijver minimal tuinhek sterren hemel bria brin jantbriljant h koker hengel fert ofv schon vero ge vervolgens vervolgens
4250205,kaart1A,ijsboon duen rekken zoutpaal cul net puurbak lin min jeukmou borveen coe wok ram den baascou dom nek mal botc kiersoen pin dol gas men oom zeep tuiveraar pieperijn doost luikram hakrug eerkur gas puil rijkzuur tuilg kipil su rin bot pan leegrijp hal wijs boog ve rouw hik taalgees daksous jouw heusrot oen tasduiknaan tol doof taakvit sin noot liskat luireus eneer gekraak bischeelroklol geit ses poorbuitpees ki vuurhap dik vier kousvaas pup roes gaap re mat bal jon lauw os gaaf biet maa
4250205,kaart2A,klaar wenschiep stomp lang sdrafklomt datet sneustroopkrijgt uh kraag strict film schraal snuit fort tristkrants ingslak naastgrind slurftroup blijepos mastglad ernst flotstunt armbrief speel bril troos plus mins balk dwijl rond klei merkstopdruk sploed haast sspeelsdwergzacht smoes bond zwaai gerij grijns korst flauw tart spons blik trotskleusemins de pop pomp v vachtpunt zwak broek front bbloei kracht s koort want plooi licht kers krent proefsterr kruitbracht twaalf sla wild kaft paardspreew winst de blok stier sneel herfst
4250205,kaart3A,oparekening stralend fruitsteelt morgenochtend aanzienlijk lichaamsteel complex lawierig uit uit de rust stiefjes kijkcijfer minemaaltuinheksterren de hemel biljant koker hengel vervolgend opzettelijk nietmachine ondanks wij svinnen natuura natuurtalent m uneti o ma do res fiet mineraal sopo botsing beroemd en n liniaal off of besa ofabet j eksport honderd populair verkeerd richer hartelijk bus at schappenij aschappij ne is gehooren herhaling winkelwagen n kuitisch
4250211,kaart1A,ijsboondunnig rek riet zoutpau pelnes puurpah bak lei minjeuk mau boveen cowolk ramden baaskoe dom nek meel bot ce kierzoen pindog gaasmen oom ceep dijf raar piep rijn doos luik ram haak rug eer kuurgas peil de rij zuur trua trug kip alsogehin bot pan legerijp hal weiesboog ve haa rouw hiktaalheesdak saus jouw heus rod oen tas duiklantor dof taakvit zijn not lieskat lui reuse neergek raak bijtgil roglogheit zes porbuit beesch tijvuur
4250211,kaart2A,klaar wens ggriepe stomp langstraf klomp darm sneu stroop prijd graag strik veel schaal m snit vorttriest rand inka slak naast grint slurf troep blij polsmatsgrat ermst flotstun uh arm brief spril bril troost blus mestv bouk terwijl rond klea klein merg gstopt drug sproed haast speels twergzachts mo smoes bontzwigrijns korts uh flauw taartsponsblik trotskluits minspom vacht punt zwart broek fon bloei gracht kortsvwant ploi lichtkerskrent proef sterkruit pracht twaalfe sla weeld kracht paard spir wins blok stierk
4250211,kaart3A,opa rekening stralend fruitelt mors snochtend an zien lek lichaamsdeel complex lawaaien weg uiterst stifsus kijkcijfers minimaaltuin hek sterren hemel briljant koker hengel vervolgens opzettelijk die machine ondanks wijsvinger natuurlia tarumt at en atensie uh gresfits minum minerel supel botsing beroemd linial os t o bet i exportv honderd popopulair verkeerd grietje hartelek busmat happerij neushoorm herhaling winkelwagenkrits schar diagram risveld auto rooa rorit prima steet leuk
4260104,kaart1A,ijsboom dun lek riet zout paal kuil net puur bak lijn min jeuk m moul boveen koe wok de raam den baas koe dom nek mil boot ze kierzoen pieng dol gaas men oom zev duif daar piep rijn doos luik dan haak rug eer keur gedaa gras peur poul rijk zuur zeur teuf kip il zol rim bot pam leeg krijp ho wijs boog vee rouwhiktaal hees dak saus jouw heus rot oen das
4260104,kaart2A,klaar wensen riep stomp langs dat deraa draf klomt dram sneuw stroop krijt graag snikstnikt film schruw snuit vort tries krans inkt slak naast garit slerf troep blij plons mast klat ernst vloet stunt arm brief speel brul troost plus mist bolk del rund klei merk stoep trea dru druk sproet haast spels te ver zacht smoes bont zwaai grijs
4260104,kaart3A,opa rekening stralend fruitfruittilt morgenochtend aanzienlijk lichaamsdeel complex g lawaairig uittekperst stiefzus kijkcijfer minimaal tuinhek steddenhemel preiant kokkerv hellov verv wolgens opzettelijk nietmachine ondanks wijsvinger natuurtalent actie resfiets mili minidoul soepel botsing bea beroemd liniaal alfa beetisch export honderden populeerden furkeerd reattje hartelijk busmaatschappij
4260106,kaart1A,ijsbel den rek ried sant bal kal net buurbak lijn mineuk maal borveenke wolk ram den bascol dom nec mil bot c kizuen pindolgasmen oom sep duivrar pieprein dooslijk ram hak rug erker gasbelrijk zurteug kip ul zo rim bootpanlingrijp halwijs boogferal hi tal hesdak sa jal ha ous rot un tasbuik lan toldof takfisenoot leescats lro rs meneer gerk rar bijt gil
4260106,kaart2A,clarwens griet stomf langs straaf klont dar neus strop krijt graag streekt vilm schaal snuit voor rieskans één slak naast ginslurf teroep bla blij polsmast glat ergst vlodstunt armbrief spreel bua brul troost plus mes ballen twel rond kley merk stop druk sproet haspels twerg sacht smoestont swi grijs borsk orst flaw tart bo spns blik trots skluis bens m bomp vacht punt sak broek broek fons bloei gracht korst wan want
4260106,kaart3A,open al rekenen stralen en fruit teelt morgenochtend aanzienlijk lichaamsteel complex lawaaierenuitsterstifsus kijk cijfers minimaal tuinhek sterren hemel brewjant koker hengel vervolgens opzetterlijk litmachine ondanks wijsvele natuurtalen attattendeat reken fits resut nirel soepobsen bos zijn beroemd liniaal afstaanbeas export uh honderd populair vekeerd grietje hartelijk busba schapperij na neus hor erhaling winkelwagen kritis strafdigram reistvel ol toretv prima stedelok duenv helling art gastv
4260107,kaart1A,ijsboon dum hek fiets fiets hout paal kel net puur bak lijn min jeuk jeuk muil borveen koel v wok raam den bass coel g don nack mil boot c kier zon sun din bin dol gasment om zeep duif rare piep rijn doze lijk blea luik ram haakrug eer keur kuur gaspeel piel rijk zuur terug kip l zul rien bot pam leeg rijk hal wijs hoog v ral hik taal hees dak saus joul heus wod oen tas
4260107,kaart2A,klar wensri gi stomp lang sdraf klomt dram snik snu stroop krijt graag streket film schraauw snijdt vor vort triest kramsinkt slok naast grint sluf troe blij pools mast glat a ernst vot glot steunt uhm derief spreel bil brul droost pils mestv blo ov vil rondklein merk stot der te ruk
4260107,kaart3A,opa rekening stralend remtild moorgenochtend uhmginele lichaamsteel complex lagen wij lagenzijeh rig eijkerste stifsus kijkcijvers minimaal tuinhek sterren hemel goiant coker hengel vervolgens opzettenlijk nietmachine ondanks wijsvinger natuur talent atenti rossi fit miniral supel botsing berruept ruept
4260113,kaart1A,ispon dun rek reet zels pal kril net puurbak lijn min jek malk bor veen ven coe ul danden bas koek onmek mil brod c hier su bin dol gas ne oom cp dif rar pieprij doos luik ram haknug eer ur gas le el rij si te terug ki il ul rium boot parm leeg rijt hol bijs ulg rl tel
4260113,kaart2A,klaar wens griep stom langt draf klon drang sne droa stroop krijt graag sturik veelm schaal snijd vr vorst ftrist krans ingt slak naast grind slurf teroep lij plotmast glat ernst flot stee arm brief steel bul bie bril gtroust blus minst bak bok drol grot klein merk stop drug sproet haast spils tilerg
4260113,kaart3A,opa rekin rekin talens fludils mmorgen ogetend aanzienlijk lichaamsdeel complex lawayr uituierst s sif stifsus tijkzijvers minimaal tuinhek sterrenhemel bibriljant koker henne vervohels vervolgingopcettelijk niet machine ondanks wijsvinger naturale aha argtin
4260114,kaart1A,ijs bo de dum de werk riet zout bal karel mes puur ba lijn mink jek maldoor veen coul de hoek zaan bes bas coul dom nek nl bot ki jun ben dol gas mes hen on ze duif da i zen doslui l hak zeg er kuur gas bel rijk zuur tt i el zovien bot ban le die hij lijs bo wil lel o gik taal hens dak sous jo
4260114,kaart2A,klaar dens griep stom langs derap haf calons darm sneeuw stlok keijt gewa strikt film schewaal snuit vort stelit clans nit slang naast gewind sluur tru li bos mats gelat heuhterst velot stunt arm bedif sperel ber strsbels mest bak del zons gle merk stok druik sbrot hast spels
4260114,kaart3A,a wekenniks veelnlijd verduitilp morgen nohtend aanziende lichaamsdel con pulek lenorring eters s stifzus kijkenver mimiml tuinhek stergen hemel belejand koker hengel wer wogens of zitterleuk niet mag tener ondank rijsverzinen na tuurtanlent of ten elti rafie minro soup
4260115,kaart1A,ijsboom dun rek rit zout pal kra keul net puurbak lijn men jeug m ma mou dor bor veen cou work raam den basv coo don nek m<unk>l botv c kier zon pin dol gas men o oom ceep duif raar piepgrijn doos luik raam haak ruggen er keur gas bel rik zuur trug kip uls sol thev vie bot pan lees rijp hal wijs de boog v rouw hik tou hees dah sousv jou husv ot
4260115,kaart2A,klaar wens riep stomp langs draf klonk darn sneu stro kra kijt kraag strikfilm schaal snuitvorm bries kras ink vlak naast grind slurf toe blij pos mast glas erst flot stunt arnbrief schiel brul troost plus mistv bak deel rond klei merk stopdruks broed haast speels dwerg zacht smoes bond das wei grijnskorst flauw taart sponse blik trots cluiseminsponp zacht pont zwakke broek vonst bloei gegacht koats wans plooi ligt ergs trend
4260115,kaart3A,opa rekening stalent fruitteelt morgenochtend aanzienlijk lichaamsdeel complex laten we uituiderst stiefzes kikservers minia maul tuinhek saa staren heel briljant koker heemaal vervolgers ontzetelik niet machinen ondanks wijsvinger natuurtalent actie recfieds mineal supel botsingv berroemd indiouw afbex export honderd honderd pol pular vekererietje hartelijk bismaatschappen a neus gewoon herhaling
4410104,kaart1A,ijsboom dun rekt liet zoutpal kul net puur gebak lijn minjeuk mou bog boer veen koel woa wok ram den baas kool dom mek meel boutzij kiers zon pin doe gasmen omzee duif raag piep rijn doosluik uh ram haak rug eer klurgasbul rijk zuur treter kik l zo zo en geen bo bod pan n neven rijp hal wijs bog v rouw hik taal hees dak stous j jouw heus rot
4410104,kaart2A,laag wend scheep stomp langs drafklomp darn smeustroop krijgt graag strinkt strikt filmschal schaal smuit vocht trist karm krant rinkt slak naast gint slug troop bli polstmast glad engerst glot besteum stunt steunt arm brief sbril brul trots blusmestbalk twijl rond klei nerkstomp druk sproeds haast speels dwerg zacht moes smoes bomt zwaai gejns kocht flauw traar
4410104,kaart3A,opa rekening stralend vroutielt mogenochtend aanzienlijk lichaamsdeel complex av laverig lavr awrig utest s tifsus kijkcijfers min minimaal tuimhek steren hemel breojant koker ha hengel voor vervolgend opzettelijk niet maarsa ziner ondanks wijs vinger natuur natalen acin risfied min mineral soepsa soepel botsing
4410107,kaart1A,ijsbomdum rik riet ko netibaklin men ek mobo hein co okam denbas codom mec mel mel botz kerzoen pindorer men on seep teifhah piep rijndos lek raam hakrug eer kurkur gaspelri zuur teg kip ul sol rij bond bot ban leg rijp haalbijs boeg wil ik tal ees dak sos ja heus rod
4410107,kaart2A,klarewenschriepe stonden langsdan klo kont hoe is mee droverkrijt graags strikt film schaal schl snoit frots trid krans inslop naast grunsle troep blie pols mast glat ens vol stond am dri schriw brul troust plus mist bok deun rond glein merk top druk sproed haast sbelt derk zacht smoes bont swai grei uh kost flautaht spons
4410107,kaart3A,oparekening stat e vaste mochtda aan zikelijk lichaamsdeel complex l t ppp koker gin amav mederv me teen daar was je u probeer t maar gewoon ik kan niet bellen uite da ee ko sory e is minimaal t e an okokeh ge l onveze niet machine race om tonk w vij svinger ijspiner naturek uterest meral
4410207,kaart1A,ijsboon den rek riet zuid paal kaa uh ka uh kel net puur gebak lin min jeuk moil borveen cou wok randen bauh bas kol dom nek meel boot zee ir sun bindol graa hgas men om oonm zeep duif raar piep rijs doos luik raam haak rus rug hia er kuur gas puur peu rijk zuur te teg kip ulzol ring dot pan leeg rim hal wij wij is boom
4410207,kaart2A,klaagwens griep stom langs draa uh dafplon t draam een s nee stroop krei graag strikt film s graag sgraaw nooit vocht f drie dre rista grans inkt slang slak naakt ga naast grink glur stroep blij ponst maar mast glat eerst vlotstun stunt am brief spreeuw
4410207,kaart3A,opa rekening moest tralent vrt mogen nog tent an chin luk lichaamsdeel coplek lawyrig uittut stiezus kijk cijvegs minimaal tuin hek s treen hempe e ot o ker hen el ver vohens ops terlijk nietmachin ondaan wijvinger natuur de taal en amten
4410222,kaart1A,ijsbom den reks rit zot pa kul net buur pak lijnin jeuk mo m bor s één cul bok ramdenbas coed tom nek bia mel boot c kir zoen bendor gas en om zepduif waag piep wijn doos luik ran haak rug eer buur ros berl rijk zuur te te gip ui soriem pebot m bun leg ga zip ho lish boog ve rao he talreesdak saus jao reus bord oer g
4410222,kaart2A,klagwens griepeston lang sdaf klon darnscne sto keit kaagstrik vinsh snuitbor driest ons inslak naast gimd slurf en toen blij poos mast glat ernst dat stent an breef sbil bul drost plus minst bu bulk toel rond lei merk stop druk spoed haast speens dwerg zacht smos bormt swei grijs korst fla tuiht spons bleek got leist
4410222,kaart3A,opa reise stralen fluite morgenochtend aanzienlijk lichaamsteel complex lawirig uitra derust stifsu kijk zijvegs minimaal tuinhek stri stuin hemel briljan koker hengel vervogens opset tev lk nietmachine ondanks wijsvinger natuurle t natulent at eesv fitv minerv h super bottingv beroemd linal ofeavbetis export gronderder popular ferker t oe ritje ochtelik busmaatstatij
5010101,kaart1B,drie ier zej met basmeel domzoen boont den coel bitschafbanzoon pier lauwbes maagos mat rok beibeit geel keiboor geit zes nul buit bespier not kousr rus e aas ding e huer gat kol bisde ro tan is van h v en dan hev oher saus dak ruga luik hu emuni wijk gas eertoos ramkuurcee da de duis lendolur orijnrijn gaas hooklijn maalmaar ramjeu
5010101,kaart2B,bloek speer twalfwinst kalf paartsla stier bracht weeldschroef gok melk staart zelf graan derk stiert malsbleek eltsleeuwbra sterkblad herft brint veer sneebord kerk gracht sterrenkoort plooi kruit licht en krent want ploe proef schaats vreemd gram kluns trooi drippoets toets drai hulpknat klap hatmelk twealrondbeelst druk klei stopt dwergsroedblons vloer stang glimt straftint grast snoerbeeld grei langsgritsneudarmstroop wensklon stromklaar
5010101,kaart3B,nivoorfitsje verkeerd olverbetisch expo poorts liniou hartelijk bus maatschappetij populair honderd complex stralend regenend morgenochtend lawairig uiterste frifruiteel aanzienelijk lichaamsdee opa kanaal beloning verdeende verzingde lijk veraster verander veraderd veranderen aardgas compleet vogelspin booksetemperatuur kmaat turtelent bootsing niet machine idirauwrefiets aak uh actrice soepel ondanks wijvvinger beroemd kaasrecht roeven ne rijscheeds absoluut instappen instappen twee li al
5010110,kaart1B,kirce neke bas mil dom zoon boot den koch koe bit gaaf balzon pier blauw lauw besmag osmat loke beit geel kei dopohport g geit zes nompe buit b vier hob kouser rospup faas dik re vuur gaap uh boog bij sratal hè hees ha hoh vehik suusdok duha aklui l luik pu holrekgas eer dooserankuur zee zeperaar duif men do
5010110,kaart2B,lok spiert welwin unst ka kaft paardsla stier prach te weel schuro geloof melk staart zelf gedaan de kerkke s stuurs maa mals ble bleekheel hel sneeuw blaam sterk l plat herst pins versnee bord cersh gracht ster cors gort plooin kruit licht kakrentwand proef schaat vreemd gramm klut troon en strip toetsdraai je hu hulpknaphas melkdi rond spils druk keistop
5010110,kaart3B,neuzs gewoon en riedje verkeerd oh offa betisch export lineal hart hartelijk bsma maatschappij hier pop populair honderd complex stra stralend rekening mor genochtend lawaairg t uit uiterst fruit t tielaanzienlijk licha lichaam sdeel opa kanel beloning s zinder zin dullik veranderen art rtgoscomply compleet vervolgend spint boksar t
5010114,kaart1B,kier zee nek bas mel don zoen boot den coel bid gaaf bol zon bier lao wes maag os materook bit geew kei poor geit zes rol dijt bs vier hap kous roep roes put vas dik re vuur gap boog wijs row taal hees hal ve hik sauws dak rug haak luik beel rijk gas eer doos ram keur zee uh rar duif men
5010114,kaart2B,blok speer twaalf wen winst kalf t paard sla stier pracht wildde schroef grof melk staart celfs graan kerk stuurs mals bleek elt sneeuw braam sterk ve plat herft prenes verf scnee boort kers gacht ste kor tplooi gruit licht ker grent want progproef schaat vreemd gran klut
5010114,kaart3B,neus horn ritje verkeerd al fabe alfebetis exsport lineaal hartelijk een busmaatschappij populair honderd complex tstralend rekening mmorgenochtend lawirig uiterst fruitilt aanzienlijk lichaamsdeel opa canel beloning zindelijk verandelen aardgas compleet vogelspin bokser temperatuur klimaat natuur tra natuur talent bulcingv niet marcine ral reisfied
5060102,kaart1B,ker zee nek bas meodon zon bolt en cul bit bied graaf bal zoen bier lau wes maag oost mat rook it gil ki or po geit zes lo buit bees weer hap keus rous pub vasdek re uur gap bo riisrl dal he s a hoh v ik selse dok rug hak leuk bul rijk gos er
5060102,kaart2B,lokspeer twalf winst gcaft bartselaas tier bracht wild schroef gro sa groft melk start zelfs graan kerkstusenalsv bleek helt senil bran bram sterk pla plot herfs prins werf sne ne bord kers gedacht ste cortst plooi kruit licht krent wont froef schatst friend granme kleutsttronstrip toets draai heel knap hast merk dwil rond speels druk kleie stop terg sprud blond virv nv
5060102,kaart3B,neusorv riedje verkeerd alve bettish export linialv harte luk busmaans gapei populair hunderd complex dralend rekening morgenochtend lowaairug uits uiterst fre fretelt aanzienlijk aanzienlijk lechaamsdeel opa kun nou belo belonic zindelijk verraderen ar art artgas compleet vogelspinv bokserv bokserv t temperrater klimaat natuurtalent botsing nietmachine
5060104,kaart1B,kir zev nek basv malv domv sonv botv denv korelv bitv gav balv sonv pirv laev betmag os ma thek obij te gel kijk por por get glees lolv bu tev bes firn hop kaous rouspe fas dukre vuur graapboog weige rel taalhees halvewe hike saus dak ge rug haken leuk bul rijk grasie ar doosraddenkuur ezeveraar cef men dol piep oom grijn gas entok ln maremjek gwenen kbakken en beneden bor huis a das got jou do tak jo dol
5060104,kaart2B,lokswer draf brits paf paslaas tier heft gachte wes go go welke staart as al gijkijk cursmons bleek hetsten gawester plat havespgen s verves ne bod cers ahgacht istav cordsv bloev cetv licht e kat gewoon zon goverstraat is vreemd ram klutsen tote strep doets trijen hohklap haastemerk twiel goons spilestruk palistop d we gesproed no op de vlour mande vloerstan em traf tin zest gast snuerv brult gaat langs riep en dv scev darv v overv wennes crunv stond klardraf of zwart
5060104,kaart3B,nees ghoor neus orv necuv ofv thev carkv offerv rtisv ev swortv rinv o hartelijk nee bestmat schaperij bobulair hondeus complex trvend gikening morgenochtend e ol eieren ute groot deel e aanzienlijk uh lichaamlijk deel opa kanaal barlongeo u zindeik van ganglige aardiges complet vogelspenen bolksertapparatuur klimaat natuurktalent botsing niesmachine idegaal gefbiets het ten sisoupo env don ha ge wes vinger de groenv kaars reg grouvenv hij schits ascedutv amstopv cartv feneringv hovbal lennewandv ardblatboplans ga di zo werken fhema stedelijk ge mun colwagen an gigenveld herhalik kritis auto rin halik staf eogro we due ademerse wolk
5060106,kaart1B,kis zee nekba mel don zon boot den koe bia bied gaf boh zoon pir lo wes mah osmat rook bet geel kei poor geit zes lol beit pes vier hop cos poe rous pup vas dek re vuur gat bulg wijs rouw tal hees ha ve hik sas dak rug haknluik beel rijk gas eer toos ram kuur zeet raar duif men dol e piep oom rijn gas pin wolk lijn maa raam jek men koel bak vee door heus laam oen atas de rot ja dof daak duik door
5060106,kaart2B,blok spee waal wis koft spaarte sas tie procht wil schroef groa uh grof melk staat zelfs graan kerk stuus mos bleek helt snul bram sterk blod herfst prins verf snee bord kers gracht aster kort plooi korts plooi kruit licht krent van proefschats vreemgrom kluts troon stria ta strip toets drii hulp knop hast merk dwi horond spuls druk gelij stop uh deweg sproet uh bla uh blonnd vloersank glimp straf tent gast snoerbelt graas langs grip snedarm stro wens geklont stomp klaar dras wart uhm uh pros fruit strenk baars krap
5060106,kaart3B,nee soon ritje verkeerd offebetice export lineal hortelik busmatschei schappij popular honderg complex stralend rekening morgenochtend uh lawaierig laweirig uiterst fruittilt aanzine lejk lichaamsdo opa kanaal belon belonnen belone ng zindelijk veranderen idgos compleet voa volgelspin bokse bokser te te tuur klimaat natuurtalent bosingv nit mochinv nog miner uh aral refids ate atentie suppe ondanks wijfvinger beroemd kaarsrecht proeven rijschids abs absoluut insinstapinstapkaart twee lin voetbal
5060111,kaart1B,kier kirze na basmilv don znvbo ten ko witv gagbazoonv pirv lo besv mag kostv mat ro biitv gil kaeporv gaikv tev zesv lo buit pees gier hap kous ro pub faas dik re vuur gaap bogewijs uh roo touw hees hal vee hik zaus tak lo haak luik pul pul rijk gas s eer dosram g zeperaar dotman dol piep oont en gas pin wok len wau am leuk mincoe bavin bor heus aan un tas not ja dof tag duiduik to kis bo kis boeg lap for zerbuin lek viskau beek en rof deen bier uh voet bar hol bouw uk heettres copla gek ni nis
5060111,kaart2B,blokspeurtrouw vinskaft paard slaastier pracht wild sere schroef o melk staa zelfs grane kerk stuurs mal bleek heltsneuw blaan sterk plat hefst printzwerfsneebort kersgracht sterk korts plooi kruit licht a krent wa ploegschaatsvreemd glam kluts troon strip toets draai heel knap haast merk dwijl rol speels druk klei stop dwergsploed blond vloerstank glimp straf tint gassnoer belt gradlang schriep snedarmstrook wenst klont stom s klaar drave zwart ploost vrout streng baas klappe spoor nieuws blarebocht krijtsgrouw trist grag strik krant inkt fortfilm snij troost bruls prul plus arm brievenmistv bak stunt flot bla blij mastgegrind slak troep en spools naast geladsurf hart slus hart sluwplant cort plein strip goek schuttrai laats fons
5060111,kaart3B,nee zon liedje verkeerd af ge bek die export lia hartelik busmaatschappij populair wonden t complex straan de rekeningen mog opter om dar wa je daguitrustenet voor liet tl en zindelijk lichaamsdoel opa kannsorshen zindelijk veranden vranderen aardgas compleet vogels bij een boken tebltiek klimaat detutaen botsing niet meer i minaa lesit etten zi soepel onlangs wesvinger bolon kaasrecht ploe ven reisgids absoluut enstpkaar tweling voetbal binneband aardappelpland reddingsmedewerker prima stedelijk denk al wel geles ad heanen kritisch acturiiteit autorit helings staafdiagam doen onde weerswolk netrouslapcamerdeur rommol plastice voedingstofva klata pier kluispent budo zojuist buurtbewoners duizend bot clubhuis verdrag kwartier centimeter ieder voorlopig kans hebber bestaan com postoop en zijdag mus kan werk plek schultig parkeertellen oorlogschoolvakantie buiten hobby met divitet graans be kenis plotsing
5060115,kaart1B,uh kirse nek bas mil donzn ezunbol den coe bitegraaf bal zon bier lo bes mah oh o s os madro bet vo di borgeid es lonbutbis vier hakos ros uh pub fastdikrevi haboog vijsere ro tal hesha vingik zels dokkere haklijk o bel bel rijk gas eerdo doseradkur ze ragdenismendol piep oon rijn gast gas pin wklen nou raut men o bok seenbor uh heslae
5060115,kaart2B,bloekspier twafwins kaf paart slaas sdierpracht wel sch schroefgolf nou ok ze staartzelf grat der tus turs mas ble hel swil brap drec blad heer ihpins vijf sleeboord gokers krachtden kosx gruit negentkrent want uer schaats fren ramkres droom stiptoet drif hulp knapen haast merk uhm ndwae rond speel dre kleinstop twergsoeblond vloersta gletstraf in hastsmeur uh bleed gablansetin snee branstroom windsklomt stom vlaar traf zwart spols vrijsek
5060115,kaart3B,des een reetje perkeert af alva b tis ex export xportv ia hartel uh busmaatschappij butsmaatschappij popular honderden conplank start tillend rekennu morgennochtend uh lawairug ui de rest fruit tilt azielijk lichaamsdeel ova cadaal be lole znde leuk vor andere aardgascole hooghosbig boker te bregtjer klimaat turtalen sen niet magisch mineraal hij vas zie ruis seet an uh anten d soepel en dans en vijs vinger
5200104,kaart1B,kier c nek baas meel dom zoen boot den koel bied gaaf bal zon pier lauw bes maag os mat rook bijt giel kei poor geit zes rool bijt bees vier hap kous rous pub vaas dik ree vuur chaap boog wijs rauw taal ees hal vee hik sausdak rug haak luik pul reijk gas eerdoos rampkeur cepra duif men dol bier oom rijn gaaspin woklijn mau raam jeuk men koe bak veen boor heus laan koen tas rot jouw doof taak
5200104,kaart2B,bloek spier twaalf winst kalf paardsla stier pracht weeltschroef grof melk staart zelf graan kerk stuurt stuur mals bleek helt sneeuw braam sterk plat herfst prinsverf smeebord kersgracht ster koerst plooi kruit licht krent wand proef schaatsvreemd gram kluts troon strip toetsdrei hulpknap haast merk dwijl rond spilsdruk klai stop dwer sproed blond vloer stankglimp straf sdenkt gast snoer wild graat langs
5200104,kaart3B,neus gewoon rietje verkeerd export lineaal hartelijk busmaatschappij populair honderk complex stralend rekening morgenochtend lawaairig uiterst fruitteelt aanzienlijk lichaamsdeel opa kanaal beloning ziendelijk veranderen aardag de gas compleet vogelsbin bokser temperatuur tklimaat natuurtalent botsing nikmachine mineraal recfids athentiek soepel ondanks wijsvinger beroemd kra k
5200105,kaart1B,kier zee neck bat meel dom zoen boot den coel bid ga bal zoon pier low bes maag os mat rook pijt giel kei vor geit zes plo buiten bes vier hapen kous rous dup fas dek re vuur gap boog wijs krouw koul hees halv hik saus dak ug haak luik bul rijk
5200105,kaart2B,blok speer twaalf winst kaft paard slaap stier kracht wild schroef groa grof melk taart zolfs graankerk stuur s mal s bleek helt sneeuw braam sterk plak herst grins vers sneeuw sneew bort kest gracht ster kor rust cor corst plooi kruipt licht krent want proef schats vreemd gram klust
5200105,kaart3B,neushoorn ried verkeer al fabet expoort lineaal hart teluik busmaatschap populair honderd exple plek stradum re canning morgenochtend lawaaierig uits erste fruitdeel aanzienlijk lichaamsdoel opa kanal beloning zindelijk ver al verandering aardgas compleet vogelspen bokser temperatuurklimaat natuur talent boltsing nietmachine mineraal recefids aaten atletiek soepel ondanks wijsvinger beroep kaar kaarstengel roefen
5200113,kaart1B,kier zee nek baas meo dom zon boot den koe ied ga bal zon bier la best mag osmat robit gil kei bor geit zes lul puit bs vier hap kous os bebvas dik re vuur gabogijs rou taal hes oh vehik saus dak rughaak lau luik uil rijk gas eerdoos ram kuur zeep raar duif men dol piep oom reijn gaasping wok lijn mau raam jeuk
5200113,kaart2B,blok speer twaalf winst kalft paard sla stier pracht wild sroef golf melk start celf glan ker stuurs mals bleek elt sneuw bram sterk blad herftprinsverf ssne bord kes grachster gord lgruit lich krend wand us oschaats vremd go klesh tron sche strip doet drei hulpknap haast merk din rond spels druk klei stop dwer spoeid blond vloein
5200113,kaart3B,nee zoen rietje verkeerd alfanbetisc exportlineaal hartelik beursmaatschappij populair honderd complex stralend rekening morgenochtend lawaren uit egega fruit dee deelt aanzienlijk lichaamsdeel opa kanaal beloning zin zinne leuk veranderin aardgras complet wo spinn boekse temperatuurklimaat natuurtalent botsing niet machine mineraal racvid atentie soepel ondanks wijsvinger bromd kaarsrecht proevenn ruisgids absoluut in stapkaar
5200118,kaart1B,kierv zee neck bas mil don seizoen bos den cool biet gaaf bal zon pier louw besh maag os mat rook bii is een geel klei poer geit zes lol buit b vier hap caus ros pup fas dik wek vuur gaap boos wijs g gro daal hesch hal ve hik sousdakrug leuk pel rijk gas eer doos room puur zee haar duif men dol piep oom rijn
5200118,kaart2B,bloek spier twaalf wint koft paart slang stier pracht weeld schof grof weelk start zels graan kerk tuurs mals bleek hels sneeuw braam sterk blant herst brens ferf snee lrtv kersv gracht ster corshv plooi kruit licht kerk kern warn wand proef schatch vreemd gram clutch droon strip dots drai hulp
5200118,kaart3B,neus horn rieefv keersv alfabet dis ef poorsv jouw hartelijk plus smaat schappen la ik populair honderd complex sa dralen stralend rekening morgenochtend scwallig ouns arst get te leuk aranzienlijk lichaamsteel opa anelbeloni zindelijk verranderd aardgas compleet vogelspen bokser temperatuur klimaat miltuurtalent bossing niatsmachine miiraal recwiet abtentie soepel ondanks
5200201,kaart1B,gier c nek tas mel don zoenbot den col bied ga wal zoon bier lauw bes maag of mat brook bijt geel kei bor geit zes lor buit bes vier hap kous roep bup vaas dik ree vuur chaapboog wijsrouwtal hees hol re hi saus dak rug haak luik ba um jo il rijkgas eerdos pram kluur ceep raarduif men dol piep oom rijn gaaspin wokplin mouwenraamjeuk men
5200201,kaart2B,blok spiertlowinstkaft paard sla stier bracht weelt schruf grof melk staart zelfsgraankerkstuurs hals blee n helt sneeuwer braam sterkplad herfdeel brins verf sneebord cerf grahtgracht sper kort plooi kruit liggen krent wandproef schaats vriemd gram klurt dramstrip doets draai hulp nap haastwerk dwel brondspeels druk klei stop dewerg speroet blond vloer stank glimpstraftint gast smoer bilt geraat langs griet
5200201,kaart3B,neusden riedje verkeerd ofabettis export linial hartelijk bus busmaatschappij populair honderd complex stralend rekening morgenochtend lawaaierig uituiterst fruittilt aanzienlijk lichaamsdeel opa kanal beloningzindelijk veranderend aardgas compleet vogelspin boksen temperatuurklimaat natuurtelijk botsing n niet marsune mineral resfid a tenti soepel ondanks wijsvinger beroemd kaarsrecht proffen rijstgids oa absoluut instapkaart tweeling voetbal binnenband
5200211,kaart1B,e i kier ze ne bas nel don john bot denko bietof pal en jon en pier lo bes mas alles maas mat rookbet fil be bor geitse lul boit b vier hak kous ruus buk van tik revuur ga en boog rijs rouwtaal ees hol ve hek e saus dak ruggen mae hak luik en bul o rijn gas eer dos ram kuur ceprar en duif men dol bi om rijn ga ven rok lijn nou
5200211,kaart2B,blokber twaalf wenst bracht en paassnal stier bracht wild schrut een grote melk en stat kelt graan kerk en stuurs mase en bleef helt sneeuw braan sterblat herft brens verfsneebort no kers en gracht ester corts prooi kruit licht krant want brouf uats fremsfaam kluts trouwn t strip toetch draait hulpn knak haast merkdel rond speelde roukna stof werg sbrootplant vloei sestank glemp etraf tent gast desnor belt
5200211,kaart3B,neus vor een riedje en vakeerd en al vabetis ek sport iniet el hartelik en bus maaschappa en populair honderd complek en stratend rekening mor en achten la lawaai hierecht uit est n en bruitelt aanzienlijk lichaam deel opa canal belonin gin delek e verande uitgas compleet vogelsben b boksen taperatuur nklimaat natuurtalent badseem niet machine mine no resvits n atenti soepel ondanks wijsvingerbromd ae nahbroeve reisgiet absoluut instakkaart tweeding voetbalbinnenland aardapelplant
5200212,kaart1B,uh kiersee nek bas meel dom soen boot den ko uh ko wiet gaaf balsoon b pier lauwbes maag osmat rook beit geel keibor geit geit zeslon duit bees bier hap gous ros bub vaasdik we de vuur gaap boog wijs rouw tal gees halve hik sausdakde haak luik ul de rijgast heer doos oran ku kuur seerar duif nen dol piep olmer rin gaaspen o wok lin mouamjeug men coak zen bor
5200212,kaart2B,blokeer twaalf winst kaft paard un slanstier pracht win wild schroefgrof melk staartje zelfs graankerk stuur sturers maar mals bleek helt sneeuw braamsterk blat herft prins v verf stebort kers kersgracht ster koorst plooi kruit dicht krent want broefschaa schaats een vreemd grannets ststroon s strip doet dri hulp knap hast merk dwel rond speels druk ti kli stop dwerg sproet lond
5200212,kaart3B,neus hoorn reedje fekeert of betis ik purt lineal hat hartelijk busmaatschappij popular honderd complex stralend rekening morgenochtend lawaairig uit uiterst fruitelt uhm zien eleuk lichaamsdeel opaka nolbeloning zindelik veranderen aardgascompleet vogelspin bokertemperatuurklimaat natuurtalent bos botsing nitmachine mineraalrascfiets aten ad en die soeplepel ondanks wijsvenger beroemd daar zoureg broefreisgidsabsoluut in instapkaart tweeling voetbal
5200213,kaart1B,tier c ne das eol dn zun potden gbit haf hoson pier no des mag os mat rook bijt gel waar hij bor bgeites lol buit bees ierhap cousrous tub fas g ik twee vuur hap booglas row tal is uh holfe it sos dak roa ln bel rijkgos eerdoos rankuur c e duifnene dol pitohtren n o plijn of niet en
5200213,kaart2B,blokspier twoalf rinskoft paartslar stier pracht heeld schroef grof melk tart gels graan kern stuers mos bleek helt sneeuw braam sterk blad herst brenesverf snee kort je kerst jeer geracht e sterk ors plooi kruid pliegt jerent want proef schart vreed wat gram ik e ik zeg i niet zin kleurte stroom strip toets draai hulp knop haast werk dil rond speels ruklejn stopdewerk sproet blond
5200213,kaart3B,e son drietje vekeerd ofadetish esbort el har hartenluk bushmaatschappij populair honderd complex stralend rekening morgenochtend langairig uiterst fretteelt aanzienlijk lichaamsdeel opake nou vloni ginluk veranderingen art cashv compleet vogelspin volkser noutemperatuur kklimaat natuur talent bos botsing nietmachine
5200216,kaart1B,kier ceen dek don jon boot den ol lied gaaf bal zon sier zo best maar os mat roog rook bijs geel tij boor geit zes nul buit ps vier haf tous rous pup vast dik re vuur gaap bogwijs roto heespol vee hee selsdak rogha leuk u rijkwas eer doos ramtuur zeehar duit min bol i
5200216,kaart2B,look spelen tal winst kalpaartsnaast je gacht werld hier schoof o mlstaart i zel en bijvolbeeld an okern de uur o hie lo besnoen maar op s oe le hel s eel braam sterk plat e erf enstroot fer sne bot gers u agste fort plooi ruut en lichlandland broflui scatvemd m os nen t gewoon dri does dra hulp on bij ana ingabij
5200216,kaart3B,a ne is georeen rietje verkeern ofpetisch exfort nee j oh hart leu e ese maat schapbij oek belernomer t complex edra aan t rekening nxx olend a winige en de tur wlo a van hete liar i lichams deel opa e i e o lo ze zi deluk gwoon deheen a laarsgaszon o komt eet vogel sping wokse temperatuur klimaat dur talent broksin niet machine mi nogwel reisfeto on i at bu i so en sen bon ane sonti ein
5200222,kaart1B,kier ce mek waas mel dom zoen boot den col bied gaaf bol zon bierlauw bes oma maag osmat rook bit geel kij por por sa geitzes lol buit pees vier hap kous roe roosdub faas dik ree vuur gaap boog wijs rouw taal hees bal hal v hik sous dak rug haak luia luik uhm peuel rijk gas eerdoos ram kuur zee zeep raar duif men dol piep oom rijn gaas pin volk volk volk lijn nou raam jeuk min koel bak
5200222,kaart2B,een blok speer twaalf winsten kaft paara paart sla tier stier pracht wild schroef grof melk staart zelfs graan kerk sta stuurs mals bleek helt sneeuw braam sterk plat herfstprins verf sneebord kersgea gracht ster kort korts plooi kruit ligt krent want proef schaats vreemd ga gram pluts troon strip doets draai hulp knap haast merk dweil rond speel
5200222,kaart3B,neusworn rietje vera fera keert al fabetisch exportliniaal hartelijk busmaatschappij populair hoa honderd complex stralend rekening morgenochtend lawaairig uiterst fra fruit fruitteels aanzienlijk lichaamsdeel opa kanaal beloning zin zindelijk veranderen aardgas compleet vogelspin boksper boksep temperatuur klimaat natuurtalent botsing nietmachine min minerao
5210102,kaart1B,kierze nek basmil don zon bot den koeg bit gaafbal zoon pie lo bes maar os mat rook bij t gil key poor get zes lol buit pes vier hap calous o rouspe fase dek re vurgabooggewees rotal eeshal v hink sous dak rughak leuk pel rijk a gasier doos rom kier sep ra def men dolpoep omlejn fas pin ho lenmauran ek min koek
5210102,kaart2B,bloke speer twalf winst kaft paard slaa stier bracht wild schroef grofmelkens staat zelfs graankerk stuursmals bleek helt smeeuwbraamsterk blat helfst prinsverf smeebort kers racht a sterkoort plooi kruit lichteklend land s broerschaats vreemd gramklut dronstriep koets draai hulp knop hast merk dwel rond speels druk klei stop dwerfsproed blond voea vloestan gleem bestraft
5210102,kaart3B,neesorenrietje veckior ofabetis export linial hartelijk busmaatschappij populair hond honderd complex straliumd rekening morgenochtend belaikeg uiterst friiteelt aanzienelik aanzienlijk licga lichaamsdeel opa kanel beloning zindelijk veranderen aatgas compleet vogelspin polsboken temperatuurklimaat auurtalent boting lietmachine minral resfids ettentieen soepel ondanksvesvinger beroemt kuisrecht proeven
5210104,kaart1B,ke ier z nec pas mildomzoonboot den ol buud graaf bal zoon pier lau wesmah osmat rook biit geel kei por geite e slo buit best vier hap tousrus gup fas tik refu ga bog wis rouw tal es half gikam dakrug hale klunk burk gas ier tosraur zeperar duif mend piepoon rijme gas pin wolk lijn mou rm je
5210104,kaart2B,plok spiertwal f winskaf paarts las dier prach wildsgrof grof maar elk staart zelfs graan kerks tuers mals bleek helts en heel braan sterplat herfst brensverfs neebord kersga gracht sterk koort splooi kruit lucht krent want proegschaat vreemd gran kluts troon striptoetch drik heel vrknapbst merk dwel ron sbils dru ci clei stop dwerg ssproet blond vloer stank glim straftin degast snoer bel
5210104,kaart3B,niks hoorn ritje verkeerd alfabetis export lidiou hartelijk busmaatschappij populair honder complex stralend rekeling morgenochtend lawaireg uiterst fruitil aanzienlijk lichaamstil opa kanaal gelonin indelg vederen art gas obletv vogelspin bboker un tempra tar klimaat nou tuurtalent botsing nitmachine mineraal reisfeet uhm
5210105,kaart1B,kierse net nek baas mildom zoenboot den colbit gaaf bal zoon pier lauwbes maag os mat rok bit gilkei bor geit zes lol buitebees vier hap kous roospuk bub vasdik re vuur gaatboog wijs rouw tal hees hal ve hik sausdak rug haak luik bul rijk gas eerdoos ram keur kuur zeep raar duif mendol piep oom rijn gaas pin wolklijn mouraam jeuk meen koebak veen boor heusla
5210105,kaart2B,bloksper twalf wins wins gekaft paarsesla stierpracht wil sch schroefg grof melkstraat zelf graan kerk tuurs malsbleek heltsneeuw braam sterk blat herst st herfst plinische verf snee bord kenst ggracht ster coost cont plooi kruidlicht krent wand proef schoutsvreent glasen klut troonstip toets draai hulpknap haast merk bwel rons speels drukklei stop de werg sproet blond vloer stro
5210105,kaart3B,en des hoorn riter verkeerd o fabetis export lenio hartelijk busman schapij popule populair hendert complex stralend rekening morgenochtend lawairig uiterst fleifreitilt aanzienlijk lichaamsdeel opa knal canal bun loning zindelijk veranderen arte aardgas compleet volgend spia volgelspin bokser stemporatuur klimaat natuur talend bos
5210106,kaart1B,uh kier c nek baas heel ozoen boot den col wit ge gaaf pol zon pierlo des mach os mat rook bit geel ke poor geit zes lo buit bish vier op cous rus tup vas dik n vuur gaap boog vijf uh l tal hees go c sos dorkug ak leuk u bil ik gas eer dos ron cuur sek
5210106,kaart2B,en blok sper twalf winst caft part sla stier pracht n wild schoef golfnelle straat selfge kig ekstuurt mons brk hel te snew bram sterk blot erst brins fer sne word gerst dekes gacht ster corst plo kruit licht kunt band s goefschaatsvin grom klutston sterip toett heel lop ast merk ze run
5210106,kaart3B,uhm neushorn heet vec kig ove dettis export linio harte luk busmat schappij populair hunderd complex stralen renkeling morgenochtend lawrig ut ers erste fretels anzen lichaamsteel opaker nobeloning zijn de luk ver g onderd aartgas complet vogelspe bokce temgetur kleat na tar naturtelent boc niet mchia uh e
5250108,kaart1B,kierzeen nek baasmeel ton sun boot den cool piet gaaf bal zoon pier lau bes macg os mat rook bijt giel kei poorgeit de gens lol buit beeg bes vier hapkous roers pup vaasdik re vuur graap bos boog wijs rouw taal hees hal vee hik sous dak rug haak luink ul tink gas eer doos da ram ku kuur ceperaar tut men dol piep oom brijn gaas ben wolk wolk lijn mau
5250108,kaart2B,block speer tuh uh twaalf wins kaft paart sla stier pracht wilpt schroef groot melk staart zelf s graan kerk stuurs mos bleek helt sneeuw braak braam sterk plat herfst prins verf sneebord kerstgedag gebraa geragt sterkorst plooi kruit licht krept want hoefschaat fri uh gamkluts dron stripdutch dri hulp knop haast nert dwilv ondv spels druk klei stopt werg spolt
5250108,kaart3B,neuzon rietje vekeerd af alfhabed export lineaal hartelijk busmaatschappij populair honderd complex tralend rekening morgen enochtend lawaarig uiterst feitilt aanzienlijk lichaamsdeel opaan al beloning gin de lijk verandert de rim aardgas compleet vogelspelen boksen temperatuur klimaat nanatuurlent boking niet machine mia miner rol recfids at depti soepel ondanks wijsvinger beroemd ka kaarsrecht hoef ehm rijscgids absoluut instap instapkaar
5250109,kaart1B,kier c nek bas meldonsoen boot den coe bit gaf bal bezon zon pier louw bes maag os mat rood bijt en geel bij bor geit ses lor beut pees vier had kous rous pub grasdik re vuur gaapboog en wijs rouw tol hees v ho v g hirk sous darug hak luik bel rikgas eertos ramcuur zeeprar duif men do piep oom ren gaspin wolk lijn
5250109,kaart2B,look spier twalf wins kaft part sla stier bracht wilt schroef golf melk staart zefs gran kerke stuurs mas bleek helt smeeuwbraam sterkblat herfsbringsverf sneebod kersgracht ster corst plooi kruit licht krent want proef schats vreemd gran pluts trum stria strip toets draai hulp knop hahast merk dweiel rond speels druk klei stop dwergspond blond vloersstank
5250109,kaart3B,leusor en uh rietje van keer ekirt alfabetisch export liniaal hartelijk busmaatschappij tnuur honderd complex trallens retening morgenochtend lawaairig uiterst fruitdeel aanzienlijk lichaamsdeel opa kanaal beloning zinlijk verander ardgas compleet vorelspinv n bokser temperatuurklimaat netra natuurtalent botsing nietmachin min minerou resfit atisoepel ondanks wijsvinger brond
5250202,kaart1B,gits hetnik dasme dom zon botv dende col bitv haf ballen zoon pirv lo besma os mat hok bijt gel ke por get zes lol bijt p sfierv hapv cous hos pemfa tifie e vuur we gaan boog wij s gouwtal a ees hal ve hik sous dak rug ha luik tel rink gas eer dos ram puur zeven raareduif men dol piep oom hein gaas fene wolklijna mo ram ye min coe bak en bor heus lan un tas got jo dooftak te toh kis boglap vor eer bijdek fieskaal be hen of ro den beer
5250202,kaart2B,sdokspeer twaalf windskaft paa slaapstieren bracht weldschoengof nelk start zelf gaan kerk zuur mos beikv helt stealv braam sterk pa herfsprins verfsne wordv kers bregrach sterkorst plooi gret licht kend want proef schaats feemd gaam gram klust gitroon strip doetstrij heel beknap en haast merk twil ron spers druk klei stopt werg spoelt blond voor stank leem straf tinst gas snor weel graag langsgiepen snee darm de soap wens plont stomp waar klaar draf zwarte proost voruit t string braas krap sport neuws bhaar mocht krit schouw te kies graag kis o niks s kee streek kwams ink voort veelsnijd tos
5250202,kaart3B,nee voorv een rietje ef kaerd offa bet uh expordv lineaa hartelejk busmaatschappij populair honderd complex schalent rekelingv morgenochtend hebben wijerweg outrastingv fritstijl aanzien lichaamsdea oppa canaal belloningv zendlek vn et aardgas complet vogelsvin bokser temperatuur klimaat natuurtele botsing nietmachine miraal reesfit aten suok epelv suepvpel ondanks wij svereging her vinger brondkaarsrechts proefenn rijscgids absoluut in een slap kaart twee ding voetbal binnenland aardepopland rennixswerk prima stedelerk winkelbag wijsveld her haling git is uteret he herrin stof di ram ut du en onweerswolk motewel slaapkamer de romol persik persic en voedingstoffen blasta plastak perv schruisik en
5250207,kaart1B,kierge nek baas mil don zoon boot den co wiet gaafbal zoon pier laubo bes mach os mat rok ontbijt geel kei poor geit zes lo buit ps fier hap kous roes pup vasedik re vuur gaap bogenwijstouw rouw touw taal hees halvee hik sausdak rug haakluikpuil rijgas heer doos raamkuur zepraar duif men doa piep oom rijn gaas pin wolk lijn maalraam jeuk men kol bak fijn oa boor huislaan ho on tas rodjouw doof taak duik tol kies boech lap volg ser buik lek vis kal beek hen rof
5250207,kaart2B,blok speer twaalf wezens kaft paard slaas tier pracht weelt schroef grofe melk staart zelf gaan kerk stuur mels bleek helt sneeuw braam sterk platherft prins verfsneebord kersgacht staar gekortis plooi plooi kruit licht krint de wand proef schaats vreemd graum klut troon strip toets draai hel knap haast merk dewil rond speels druk kaa klei stop dwerge sproet v blond vloerstang glim glim straftent grast snoerbeeld ga graat langs reep sneu darm stro wens klont stomp klaar draf zwart practfruitstreng baas ka krap sporneuws blaar bocht kreitschaal striest graag schrik strik krants ink
5250207,kaart3B,huizer rikje verkert affebeet is ek export juniaal hartelook busmaatschappen bus bud busmaatschappij popular honderd complex stralend rekeningen mogen ochtend lawaiig uit uiterst fruitteelt aanzienlijk lichaamsteel opa kaneel bolonie zinsteel veranderingen aardgas compleet vogelspring boksort temperatuur klimaat ne tutalent botsing nietmachine miniraalra racefiets et tegn atentie soep of ondanks wijsvinger beromd kaarswecht proeven ga rijscgeeds absoluut ién stapkaart tweelin voetbal binnenband ardapotplant weddingswerker prima stat winkelwagen reist veld herhaling kretisch autoret helingstraf straf die staaf die gam du en onwerzolk ne neutraal slaapkammen dr rommelpersik een voedingstof een klat papierkruispunt
5250210,kaart1B,look speer twaal winst kaft paard sla stier pracht weeldschoef schof melk straat zelfscgraan kerk scha sterf mals bleek heel wat sneeuw braam sterk blad herst prinsverf sneeuw bord kerst grachtster curst plooi kruit licht krend want proef schaats vreemd gam k kluns troon strip toetsdrai hulp knap haast mel merk dwel romd pils druk cleistop dwerg
5250210,kaart2B,kier ze nek baas mil dom zoon boot den co bied gaaf bal zoon pier lauw besmaag os mat rook beit geel kei poor geit zes lo bijt bees vier hap kous roos pub vaas dik re vuur gap boog wijs rouw taal hé hees hal vee hik sousdak rug haak luidpul rijk gas eer doos ram keur sepe raar duifmen dolren piep om rijn gaas pin hok lijn mou raam jeuk min koelbakveen bor ne heus lan o un tas rotti ou doof taak
5250210,kaart3B,neuzor rietje verkeer alphabetisch export lineaal hartelijk busmaatschappij populair honderd complextra stralend hekening morgenochtend lawaaierig uit ster fruittilt aanzienlijk lichaamsdeel opa kanaal beloning zindelijk veranderen aardgas compleet vogels bin bokser tertemperatuur klimaat natuurtalent botsing nitmachin nit ma maniral recfid atten sie sopel op danks wijsvinger beroemd kaasrecht broeven grijs gids absoluut in stapkaart tweeling voetbal binnen want ardapollen
5250219,kaart1B,hier zee nekkebaas mil dom zoen boot den coul bid gaaf bal zoon pier laue bes maag os mat rook bij t giel kija ki poor gijft en zes nul buit b sa vier hap kous rous pup vaas dik re vuur gap boos ge wijs rouw taul hees hal v git hete sausdakrug haas hak lui luik bul reijk gras eer doos rang keur dezeepraar duif men dol piep oom reyn reyn gaspin bo
5250219,kaart2B,blook spee twaalf winst kaf kaft paard slas tier brach t wild schoef goa grof melk start zelfgam merkerk sduur mal mals bleek hel t sneeuw beraam sterkplatten herft prins verfs snee borst ke ik herst geracht sterv co corst plooi kruit ligt ka krent want proef schats vreemd groon kluts sstroon sstrip sdoets draai hul
5250219,kaart3B,neus voor een riedje verkeerd alfabetis export line jouw hartelijk busmaatschappij populair honderd complex stralend rekening morgenochtend lawairig uitderft fruit fruitdeelt aanzienlijk lichaamsdeel opa canel belona beloning zindelijk veranderen aardgas compleet vogelspin bokser temperatuur klimaat natuurtalent botsing litmachine mxn n rouw resfits aten atentie soepel ondanks wijsvinger beromd kart
5250226,kaart1B,kiv c nekv was mil don zoon bov tem cool biet ga pal zon bier louv besv mag os mars o bijt ga hel kej por ceits sessv lon bijt bie pes vier keer hop tous loot pupfas dikke ree vuur gaat boog wijs roup taal ese al vehiksous tak luhthaag luik pel otdijk gas ia ier doos ran kuur sepeduit duif men dol i o reis o zijn caspin wok lauh uh lijn mouram jeut min cool bak fijn oor huis lan on tas rot jou doof ta
5250226,kaart2B,o pitwal winst koog koft paardslas die brachts weelts schroef groef mek staart zelfs graan kerk stuursmar mols bleek helt sneeuw braan sterk plat herft sprins vea sune bord kers grahster kort plov kruit licht krend rant ploef proef schat vreemd gram klut tro strip stoet trihup hoop knophaast merk t wil rond speels drug klei stop d weg spruod blons fluerstan
5250226,kaart3B,hes zoeen reedje verkeerd abeties h uh export lineaal hartelijk busmaatschapperle stappij popular populair honderd complex stralend rekening morgenochtend lawairig uitderft fruitteel sta waa aanzienleuk lichaamsdeo o pa kanaal beloning ziendelik ziendelik uh verander ren aardgras compleet vogelspin bokser temperatuurklimaat natuurtalent a botsing ma nietmachine minea minuraal recfits as ten ta die soepel ondanks wijsvinger benoemd kaarsrecht proeven rijstgagips nou
5260105,kaart1B,iergen e paas mil dome zom boot den kol wiet gaaf bale zol bier lo bes maag os matt e rook bij t gil ki por geif zes blol bijten bes vier ah coudes rous pe fa fast dik re vuur ga boog wijs te rouw taal ees al v hik sas dakug haa lui vul vijf gas ir dos ram keur ce ra duis men dol piet on rin gaas pin wock wock lijn mou romjeug min mu uh minn coe bak ven bor mi heus laam uen tas rot jou doof taa tuik tol
5260105,kaart2B,rok speer twaalf winst koft kaft paarsla stieerpracht wis en scgroef grof melk staa staa zelfs graankar stuurs mals blee helt sneeuw braam sterk plat hers prins rerr sneebord gerr kersch kersch grach ster korts plooi kruit lig krant want ploeg schaat riad gran p cres troon stip toets draai hulp krat haast lerk twijl rom speels drug kli stop twerg sproet blond vloer stank clim glim straf dea din gost suur beelt graaf langs riep griep
5260105,kaart3B,leusor riehje verkeerd afte betiis ix wort lit ni ouw hartelik busmatmaschappij populair honderd complex stralend en één ker in morgenochtend laweirig uiterst itild anzine gigansleol oba canaal balonin zinderlik zindelijk verandering aardgas compleet vogelswin wochser temperatuur klimaat natuurtalent botsing nietmachine mineraal resitc attentie soekwol ondanks wijsvinger beroemd kaasgrecht kaargerecht proeven rijsgids absoluut in de stapkaart tweeling voetbal binnen binneband aartappel pland renlingliswerker prima steder winkelwahen rijsvelt herhaling kritisch autored herhaling g
5260113,kaart1B,kier senek basmeil don zoon boot den coe biet graaf bal zoon pier lauw bes maag os mat rook beit giel kei pur geit zes lol buit bees vier hap kousra roes pup vaasdik re vuurgaap boog wijs rouw taal hees hal vee hik saus dak rug haak luik puil rij ka gas euer doos ram kuur zeep raar duif men dol diep piep ohm rijn gaas pin wok lijn muil raam jeuk men koel bak veen bor heus laam
5260113,kaart2B,bloek spier twaalfv winst kaft paard slaap stier pracht wildschroef grof melk sterkt zelf graam kerk stuurs mals bleek heltsneeuw ra braam sterk plat herfstherfst prins vert verf snee bord kerstkracht ster kords plooien kruitlicht krent want proef schaat is een vreemd graggram le lus tron strip toust draai hulp knap haast merk dwel rond spspils dru klijstop dwerg proed blond
5260113,kaart3B,nee zon rietje verkeerd alfabetish export lineaal hartelijk busma maatschappij populair honderd complex tstralend rekeningmorgenochtend lawaairig uh at je ka terst of frij teelt aanzijnlijk lichaamsdeel opa knaal beloning zen ziendelijk verandelija veranderen aandag lag aar gea aartgas compleet vogelspin bokser temperatuur klimaat natuurtalent botsing nietmachine ne mini mneral deisv fitv a atentiv
5260114,kaart1B,pierv ze nek paas meldom zoen boot den col bied ga gaaf bal zoon pier lau bes mag os maa mat rook bij scgiel kei po poor gei ses lul buint peesvier hapkous rospuk fas dik re vuur gaap bolgwijs ta rol taal hees halve hik sousdak rug haak luia luik pe rijk gas eerdoos ramkuur va uh zeep raar druifmen doel piep o merijn gaas pin vo vok lijn ma aal ram jeuk min k koe baksen
5260114,kaart2B,lok spier twaalf winst kocgt paard sla stier bra prachte bracht wildschroef grolf melk staart zelf graankerk stu stuurs maals bleek helts sneeuw braam sterk blat herfst prins ver sneebord kerk grachtster ku kogst ploi kruit licht krent want os proef schaats vreemd gran klus troon strip toets dreij hulp knap haast merk dwijl rondspel spels drukklei stop twerg
5260114,kaart3B,nee sory rietje verkeer verkeerd ofa b ofabettis export lineaal hartelijk busmaatschappij populair honderd complex sstralend rekening morgenochtend lawirig uits rest uit rest fruit fruitteel on sa onzineluk lichaamsdeel open kanel kanel beloning zinnelijk zinnelijk veran veravernde verad eraderen aardsgas compleet vogelspin boskur temperatuur klimaat natuurtalent bo botsing ma nietmachin
5260119,kaart1B,kierzeen neck pasmildon zoon boo den cool biet gaafbal zoon pier loo besmaag os mat ropijt giel keypor geit ses lol puit pees vier hap kousros pupvas dikke reef vuurgaap boogwijsrouwtouw hees ha hal veeheksuis dakrug haakluik peul rea reij gea gas eer doos ram kuur sepra raar duifmen dol piep omerijn gaaspenwok lijn mouwraak jeuk men koebak
5260119,kaart2B,blockspier twalf winst coft paard sla stier pracht wild schroef grofmelk start zelfschraankerks stuurs maals bleek helt sneeuw braam sterplat herfst herfst prins verfsmee bord kerst ggracht ster korst plooi kruitlicht krent want proefschaats vreemd gramklut troon striptoetsen draai hulpknap haast werk dwel hond spelsdruk kleistop twerg spront blond vloer stankglimp straf
5260119,kaart3B,neusmon ritje van kirt aufabetisch export liniaal hartelijk busmaatschappij pop populair hunderd complex stralend rekening morgenochtend lawaairig uiterst fruiteelt aanzienlijk lichaamsdeel opa kaneel beloning zinderlijk veranderen aardgas compleet vogelsban bokser temperatuur klimaat nou tuurtalent botsing nietmachine minerouw reesfiet attentie soepel onder ondaa ondanks
5260121,kaart1B,gier ge nek paas mil donezun bote ten co piet g gaaf bal zoon pier louw bes magel os nat rook beit gilkeik poer geit ses lok but bees vier hap cous rous pub fansdik re vuur gaap boogewijs ra rouw tel hees hol ve hik saus dak rughaak lui bui rijk ggas eer dos ram kuur sa cep rar gurf men ul piep oom ra rej rijn gaspen
5260121,kaart2B,look spier twaalf winst kaft paard sla stier pracht wild schrouf golf melk start zels graan kerk stuur mals bleek gelt sa sneeuw bram ster blat herfst brin brin brins verf sa sne bo bort cesch ge gracht ster corch pul pul kruis liht g rent w want proefschast vriemd gre gram kre klust t tro sre
5260121,kaart3B,neus hoorn ridhe fekert aufabetisch ax bordv liniaal hartelijk busmaatschappij populair honderdcomplex stralend rekening morgenochtend lawaairig uitur t frit fruit til en zien lik lichaamsdeal opa canel bela loning gin m der der luk veranderen aardgas compleet vogelspin bokentemperatuur klimaat natuurtalent boa bootsing niets niesmachine mx x m m oh re
5260122,kaart1B,kier c nak baas meel don zon boot den co wiet gaaf bal zon pe pier low bes maah os mat roodpit geel kei poorv heit leses lo buit pees vier hap kous rous pup vaasdek revier gaat boogwijs rouw taal hees hal vee hek saus tak rug haak luik pua pul reik gas eer doos ram kur zep raar duif men dol piep oom rijn gaspen wock lijn mauraam jeuk men co bak veen borheuslaam untas rot
5260122,kaart2B,blokspeer scwolf wenst kaft paard sla stier braa bracht wild schroef goa grof melk start zelf sgraan kerk trtv stirsv mals bleek helt sneeuw braan sterk plat herst prins verf sne bordv kershv gracht sterv cortsv plooy kruit t liht krent want schaats vreemd gram kluts troon strip toets drai hulp knap haast merk dwil rond speelstreukklei stop de werg sproet blond de vloerstank glimpstraf
5260122,kaart3B,neushoorn heedje ferkeerd alfadetys export lineaal hartelijk busmaatschappij populair honderd complex stralend rekening morgenochtend lawaierig uiterst fruitzilt aanzienlijk lichaamsteel opa kanaal beloning zindelijk veranderen aardgas compleet vogelspen bokse temperatuur klimaat natuurtallent botsing nietmachine mineraal resfiets attentie soepel ondanks wijsvinger beroemd kaarshrecht
5410118,kaart1B,kir zidect baas beeldonzon boten cobit gaaf balzung wer lauw bes mar os matsrobijt geel kei poor geiten des zes nolbruid bees pier hap hap cous roup rous poep pup vassdik re wa vuur gaap boog wijsrouw taal hes haal v rik sousdak rug hak luik pul lik gas eerdoosrap keur cepra duif ben dolpiep om ren kaspin wokliyn be mou raam jeuk min koebak v geboor
5410118,kaart2B,plok speer twaalf winst ga partslaas tier pracht wil schroef golf welk stat zelf goud kerk stuurs mals blaek heltswil brabs dergk plat herfst prins ferfsteen boord kersgraf t sterkoorss plooi kruid licht krent want hoe is proefschaats vreemd a gaal gram kluns stro stripstoets draai hulpknapn haast merk dwijl rond speels tot een glistop de werg sproet plondla vloer strak glim straftind
5410118,kaart3B,deus hor de itje ferkeerd afut export lindiaal hort hortelek busmaakschapperij populair oduct complex stonsta van neeke dimoredokters nouwi uit de ske fruitbeeld azie les lichaamsdeel opa kadaal velo e beloding zinse zina z ma j zi altid weerui ahsgas compleet hoe vogels pin popsx tene tr leklibaat natuur na talent botsing niet bacide min mi deral reesfiets attan
5410119,kaart1B,kiersenik bas mil don zoon bo den col bied haaf balzoon bier lan west maag oos matterook bijt gilkejporegei zesbx we buit p pes vier hap ka kous ros pup vaasdik reek vuur gabo bogewijsbrouw tael hees ha hal vee hik sous dak rug hak luik peul rijk gas eer doa doos ronteur cebram duif meen dol pied om rin gaaspen rok rein ma raam jeuk men goe bakvin bor heus laam hoe tas hoteou dof to te tol kiesbog lavol zerbuig
5410119,kaart2B,blokspier twaalf winst kalfbaard slaastier draagt wil schoet voor melk staat zelfs graam kerk st<unk>rts maals bleek helt sneeuwbraam sterplant herfst prins verfsnee bord kerskraa gracht ster korts plooy kruit licht krent wo wowant proefschaats vreemd gang kluts tron striptoets draai hulpknap haast merk twaalf dwei ronspe speels drukkei stop dwerg spoed en blond voorstak glipgestraft tint gast snor beeld geraand langs geripsneu deram de ram stroop wensklomt stromp klaar de rag
5410119,kaart3B,neus hoorn licen vekert of of af af betisch expo liniaal uh hartelijk busmaatschappij populair onder het complex stralend rekening morgen ochtend blawaaierig ui uit erstig fruit teelt aanzienlijkslichaamsdeel opa kanaal beloning zinnelijk veranderd aardgas compleet vogels ben bora bokser temperatuur klima natuurtalent boksing nietmachine mineraal rea racevids antin attinenti soepel ondanks wijsvinger beroend kaarsgerecht proef en rijsgids absoluut in stap k tweeling voetbal binnenband aardapfel pland redding werker prima stedelijk
5410212,kaart1B,qirc nek baas nil domms zon boot den coul bied gaaf bal zoon pier lau bes maag os mat rook bij t geel kei poch geiti zes lol wuit ps vier hapkous roes pup vazen dik revuur gea gaap boogwijs ruil taal heest halve hik saus dak rug haak luik peul rijk gas eer doos raam ram kuur ceep raag duif nen dool piep onder rijn gas in wook lijn mouram jeuk min koebak veen boor heus laam oen tas rot jouw doof taak taak duik toel kies
5410212,kaart2B,blok speer twaalf winst kalfpaard slaa stier pracht wild schroef grof melk staart zelfs graan kerk sstuurs mals bleek heltsneeuw braam sterk plat herfst prins verfsmee bord kers grag gracht ster koorst plooi gruitenlicht krent wandproef schaats vreemd gram klust troon striptoets draaihulp krap haast merk duwel rond speels druk klei stop de werg sproed belond vroer vloer stankglimp straf tind
5410212,kaart3B,neushoorn ritje verkeerd alfabetisch export lineaal hartelijk busmaatschappij populair honderd complex stromstralend rekening morgenochtend blawaaierig uiterst fruit tilt aanzienlijk lichaamsdeeuw opa kanaal beloning zindelijk veroa veranderen aardgras compleit vogelspin bokster tempera temperatuur klimaat natuurtalent botsing nietmachine mineraal reisfied astentie soepel ondanka ondanks wijsvinger beroend
5410215,kaart1B,kier zee nek baas mel don zua zoen boot den koe liet ga baw zoon ier lauw des maar os mat rook bijt geel kei por geit sef ploo lon buit peesier hap kous rous bub va vas dik gees re vuur gaap boog bijs rl tel hes al ve hek sous dok rug hak luik bel duin ruk gas do ir doos ram keur ceep rai duif men dol diep oon rijn gas pin ook lin ma raam jek min kook
5410215,kaart2B,bloke speer twaalf weenst kalf paard sla stier bracht wild schroef grof melk staagt zelfs graan kerk stuugs mans blek helt sneeuw braam sterk blat herst prins verf sneebocht kegs kers raht ster o koorst plo plooi kruid li licht krent wan want proef schaats vreemd gaan gam klust stroom strip toets drijd hulp knop astmerk twel
5410215,kaart3B,neus hoor ritje vegkir af d offolbetische expocht linia hahteluk busmaatschappij para popa populair hondecht complex st stralend rekening morgenochtend lawaai eriht uitterst veluidsteelt aanzienlijk lichaamsdeel open kanel beloning zindelijk veronderen aardsvos complex voora vogelspin boker temperatuur klimaat natuurtalent boa botsing nietmachine min miniraal reifiet xn
